Workbook

Sheet Student Choices
A1: Timestamp | B1: Email Address | C1: PID | D1: Full Name | E1: Resume | F1: Credits completed as of Spring 2026. Only include courses where you have a passing grade or higher. If you are a transfer student include in this number any transferred credits. | G1: GPA | H1: Pre-requisites for DSC 180A - Please check these carefully before you certify. It is entirely your responsibility to ensure eligibility. | I1: First Preference | J1: Second Preference | K1: Third Preference | L1: Fourth Preference | M1: Fifth Preference | N1: Sixth Preference | O1: Seventh Preference | P1: Eighth Preference | Q1: Ninth Preference | R1: Tenth Preference
A2: 46195.966 | B2: rgautama@ucsd.edu | C2: A18546099 | D2: Rezon Gautama | E2: https://drive.google.com/file/d/1twfNFXw5etJwb4VSLD3lrfpHA1-lon9T/view?usp=sharing | F2: 247 | G2: 3.67 | H2: I certify that I have completed the pre-requisites listed at https://datascience.ucsd.edu/current-students/course-descriptions-and-prerequisites/#dsc-180a-data-science-project-1 and I am eligible to enroll in DSC 180A. | I2: D01 | J2: D36 | K2: D37 | L2: D23 | M2: D28 | N2: D05 | O2: D08 | P2: D10 | Q2: D12 | R2: D42
A3: 46195.995 | B3: abalasai@ucsd.edu | C3: A19290181 | D3: Akshitaa Balasai | E3: https://drive.google.com/file/d/10O0wApXn_zQWFXEhmn8QHxOPJNKswQns/view?usp=sharing | F3: 228 | G3: 3.64 | H3: I certify that I have completed the pre-requisites listed at https://datascience.ucsd.edu/current-students/course-descriptions-and-prerequisites/#dsc-180a-data-science-project-1 and I am eligible to enroll in DSC 180A. | I3: D01 | J3: D25 | K3: D21 | L3: D02 | M3: D31
A4: 46195.263 | B4: hez018@ucsd.edu | C4: A17872179 | D4: Bobby Zhou | E4: https://drive.google.com/file/d/1OdPD6UYzLG_Y4mVp0174_uVN121_jBqG/view?usp=sharing | F4: 226.5 | G4: 3.86 | H4: I certify that I have completed the pre-requisites listed at https://datascience.ucsd.edu/current-students/course-descriptions-and-prerequisites/#dsc-180a-data-science-project-1 and I am eligible to enroll in DSC 180A. | I4: D01 | J4: D21 | K4: D28 | L4: D23 | M4: D30
A5: 46195.94 | B5: gtrainor@ucsd.edu | C5: A17770083 | D5: Grace Trainor | E5: https://www.overleaf.com/read/yqfxvtzpvnjy#6cd4a7 | F5: 226 | G5: 3.773 | H5: I certify that I have completed the pre-requisites listed at https://datascience.ucsd.edu/current-students/course-descriptions-and-prerequisites/#dsc-180a-data-science-project-1 and I am eligible to enroll in DSC 180A. | I5: D01 | J5: D23 | K5: D12 | L5: D11 | M5: D37 | N5: D14 | O5: D16 | P5: D43 | Q5: D36 | R5: D06
A6: 46195.807 | B6: kyflores@ucsd.edu | C6: A17849396 | D6: Kyle Flores | E6: https://drive.google.com/file/d/1zwS5u-TJN50QF47woEu45rtxNHNUDwET/view?usp=drivesdk | F6: 221.5 | G6: 3.805 | H6: I certify that I have completed the pre-requisites listed at https://datascience.ucsd.edu/current-students/course-descriptions-and-prerequisites/#dsc-180a-data-science-project-1 and I am eligible to enroll in DSC 180A. | I6: D01 | J6: D42 | K6: D12 | L6: D05 | M6: D23 | N6: D08 | O6: D04 | P6: D15 | Q6: D02 | R6: D14
A7: 46195.962 | B7: valau@ucsd.edu | C7: A17827322 | D7: Vanessa Lau | E7: https://drive.google.com/file/d/1lq3IDAg13eknDvP9t9asJQljJQw-3j-w/view?usp=sharing | F7: 218.5 | G7: 3.934 | H7: I certify that I have completed the pre-requisites listed at https://datascience.ucsd.edu/current-students/course-descriptions-and-prerequisites/#dsc-180a-data-science-project-1 and I am eligible to enroll in DSC 180A. | I7: D01 | J7: D20 | K7: D21 | L7: D26 | M7: D43 | N7: D18 | O7: D23 | P7: D16 | Q7: D24 | R7: D12
A8: 46194.724 | B8: sirao@ucsd.edu | C8: A17829997 | D8: Simone Rao | E8: https://drive.google.com/file/d/1RQoLoxeF9bAs5oAVPDSqpd4OrQ8mtB4G/view?usp=sharing | F8: 204 | G8: 3.651 | H8: I certify that I have completed the pre-requisites listed at https://datascience.ucsd.edu/current-students/course-descriptions-and-prerequisites/#dsc-180a-data-science-project-1 and I am eligible to enroll in DSC 180A. | I8: D01 | J8: D24 | K8: D07 | L8: D28 | M8: D26 | N8: D37 | O8: D30 | P8: D23 | Q8: D36 | R8: D08
A9: 46191.529 | B9: cll016@ucsd.edu | C9: A17815340 | D9: Claire Lee | E9: https://drive.google.com/file/d/15zSKD9c38UGueY1pKI00lD8uOl6nB5PR/view?usp=sharing | F9: 198.5 | G9: 3.69 | H9: I certify that I have completed the pre-requisites listed at https://datascience.ucsd.edu/current-students/course-descriptions-and-prerequisites/#dsc-180a-data-science-project-1 and I am eligible to enroll in DSC 180A. | I9: D01 | J9: D05 | K9: D08 | L9: D19 | M9: D15 | N9: D37 | O9: D14 | P9: D12 | Q9: D08 | R9: D21
A10: 46195.556 | B10: ala023@ucsd.edu | C10: A18523333 | D10: Ali Ahmed | E10: https://drive.google.com/file/d/1NiJ46msTHKec6EqQScYrWfu_-NPvo_mn/view?usp=sharing | F10: 194.5 | G10: 3.36 | H10: I certify that I have completed the pre-requisites listed at https://datascience.ucsd.edu/current-students/course-descriptions-and-prerequisites/#dsc-180a-data-science-project-1 and I am eligible to enroll in DSC 180A. | I10: D01 | J10: D12 | K10: D23 | L10: D28 | M10: D05 | N10: D11 | O10: D42 | P10: D44 | Q10: D21 | R10: D34
A11: 46191.439 | B11: jrinconrodriguez@ucsd.edu | C11: A18552804 | D11: Janice Rincon | E11: https://drive.google.com/drive/folders/1WU_mF82LYenfFu51R6pe_eTsrNI2Cxjq?usp=drive_link | F11: 194 | G11: 3.84 | H11: I certify that I have completed the pre-requisites listed at https://datascience.ucsd.edu/current-students/course-descriptions-and-prerequisites/#dsc-180a-data-science-project-1 and I am eligible to enroll in DSC 180A. | I11: D01 | J11: D23 | K11: D12 | L11: D33 | M11: D28 | N11: D11 | O11: D37 | P11: D06 | Q11: D14 | R11: D05
A12: 46190.877 | B12: sranadive@ucsd.edu | C12: A17860402 | D12: Saanvi Ranadive | E12: https://drive.google.com/file/d/1saTF-GzQ9Jcsilj_v_8SyLpTx3wsROMH/view?usp=sharing | F12: 193 | G12: 3.98 | H12: I certify that I have completed the pre-requisites listed at https://datascience.ucsd.edu/current-students/course-descriptions-and-prerequisites/#dsc-180a-data-science-project-1 and I am eligible to enroll in DSC 180A. | I12: D01 | J12: D20 | K12: D02 | L12: D06 | M12: D33 | N12: D22 | O12: D43 | P12: D12 | Q12: D39 | R12: D18
A13: 46193.769 | B13: wayang@ucsd.edu | C13: A18500359 | D13: Wanchen Yang | F13: 189 | G13: 3.104 | H13: I certify that I have completed the pre-requisites listed at https://datascience.ucsd.edu/current-students/course-descriptions-and-prerequisites/#dsc-180a-data-science-project-1 and I am eligible to enroll in DSC 180A. | I13: D01 | J13: D17 | K13: D21 | L13: D22 | M13: D38 | N13: D30 | O13: D24 | P13: D26 | Q13: D39 | R13: D32
A14: 46190.638 | B14: ertong@ucsd.edu | C14: A17769869 | D14: Erika Tong | E14: https://docs.google.com/document/d/1s0FTBgGXQn8bXy7MP_7EAsIdBC3yPBbFNKNfJhWd3Ng/edit?usp=sharing | F14: 184 | G14: 3.591 | H14: I certify that I have completed the pre-requisites listed at https://datascience.ucsd.edu/current-students/course-descriptions-and-prerequisites/#dsc-180a-data-science-project-1 and I am eligible to enroll in DSC 180A. | I14: D01 | J14: D12 | K14: D15 | L14: D11 | M14: D42 | N14: D08 | O14: D17
A15: 46193.828 | B15: edayran@ucsd.edu | C15: A17846462 | D15: Edison Ayran | E15: https://docs.google.com/document/d/1ShMuDMpQQQRo6ddQe3t_RIuy9CbUqH95jZtIH4M5yr0/edit?usp=drivesdk | F15: 178 | G15: 3.4 | H15: I certify that I have completed the pre-requisites listed at https://datascience.ucsd.edu/current-students/course-descriptions-and-prerequisites/#dsc-180a-data-science-project-1 and I am eligible to enroll in DSC 180A. | I15: D01 | J15: D23 | K15: D28 | L15: D38 | M15: D33 | N15: D15 | O15: D12 | P15: D21 | Q15: D25 | R15: D30
A16: 46193.01 | B16: dsehgal@ucsd.edu | C16: A17853941 | D16: Dhruv Sehgal | E16: https://www.overleaf.com/read/wkmsvmqtyszp#0baec9 | F16: 175 | G16: 3.87 | H16: I certify that I have completed the pre-requisites listed at https://datascience.ucsd.edu/current-students/course-descriptions-and-prerequisites/#dsc-180a-data-science-project-1 and I am eligible to enroll in DSC 180A. | I16: D01 | J16: D44 | K16: D11 | L16: D03 | M16: D10 | N16: D14 | O16: D08 | P16: D36 | Q16: D37 | R16: D06
A17: 46195.993 | B17: amuthu@ucsd.edu | C17: A17813042 | D17: Aathi Muthu | E17: https://drive.google.com/file/d/18ntvq1A4dvOryNTbQRZQPtIEO4S2BYR0/view?usp=sharing | F17: 170 | G17: 3.737 | H17: I certify that I have completed the pre-requisites listed at https://datascience.ucsd.edu/current-students/course-descriptions-and-prerequisites/#dsc-180a-data-science-project-1 and I am eligible to enroll in DSC 180A. | I17: D01 | J17: D34 | K17: D38 | L17: D28 | M17: D23
A18: 46195.637 | B18: surai@ucsd.edu | C18: A18605782 | D18: Sumedha Rai | E18: https://drive.google.com/file/d/1I8GESX7tQgVmJtVE0Un8d9FahcCbig-Z/view?usp=sharing | F18: 162 | G18: 3.72 | H18: I certify that I have completed the pre-requisites listed at https://datascience.ucsd.edu/current-students/course-descriptions-and-prerequisites/#dsc-180a-data-science-project-1 and I am eligible to enroll in DSC 180A. | I18: D01 | J18: D08 | K18: D23 | L18: D07 | M18: D24 | N18: D29 | O18: D03 | P18: D10 | Q18: D12 | R18: D20
A19: 46190.797 | B19: mndubisi@ucsd.edu | C19: A17852643 | D19: Munachimso Ndubisi | E19: https://drive.google.com/file/d/1ONbVQ9s53VMu6B9eQBBxmuHICo4jeklw/view?usp=sharing | F19: 148 | G19: 3.79 | H19: I certify that I have completed the pre-requisites listed at https://datascience.ucsd.edu/current-students/course-descriptions-and-prerequisites/#dsc-180a-data-science-project-1 and I am eligible to enroll in DSC 180A. | I19: D01 | J19: D12 | K19: D15 | L19: D19 | M19: D07 | N19: D03 | O19: D42 | P19: D17 | Q19: D43 | R19: D14
A20: 46192.535 | B20: vpaidi@ucsd.edu | C20: A17924639 | D20: Vishal Rana Paidi | E20: https://docs.google.com/document/d/1LlHZDTTSHoS6xql-Uml8OBqczZaCp0-MbVh6vm-9pFM/edit?usp=drivesdk | F20: 144 | G20: 3.415 | H20: I certify that I have completed the pre-requisites listed at https://datascience.ucsd.edu/current-students/course-descriptions-and-prerequisites/#dsc-180a-data-science-project-1 and I am eligible to enroll in DSC 180A. | I20: D01 | J20: D06 | K20: D10 | L20: D12 | M20: D35
A21: 46195.709 | B21: cclougherty@ucsd.edu | C21: A18282418 | D21: Coleman Clougherty | E21: https://drive.google.com/file/d/1L5D0Tq3aacpcCUKAEMTMwh8bzo7mAZbD/view?usp=sharing | F21: 126 | G21: 3.988 | H21: I certify that I have completed the pre-requisites listed at https://datascience.ucsd.edu/current-students/course-descriptions-and-prerequisites/#dsc-180a-data-science-project-1 and I am eligible to enroll in DSC 180A. | I21: D01 | J21: D06 | K21: D15 | L21: D31 | M21: D02 | N21: D42 | O21: D14 | P21: D11 | Q21: D41 | R21: D28
A22: 46193.596 | B22: imansfield@ucsd.edu | C22: A17715152 | D22: Lyn Mansfield | E22: https://docs.google.com/document/d/10tchVqFkX4eQRxi-f5HMsTNAq1v7GqZdooKZUaxkOXA/edit?usp=sharing | F22: 122 | G22: 3.84 | H22: I certify that I have completed the pre-requisites listed at https://datascience.ucsd.edu/current-students/course-descriptions-and-prerequisites/#dsc-180a-data-science-project-1 and I am eligible to enroll in DSC 180A. | I22: D01 | J22: D28 | K22: D36 | L22: D13 | M22: D30 | N22: D26
A23: 46195.117 | B23: ratienza@ucsd.edu | C23: A17902620 | D23: Ryan Conrad Atienza | E23: https://popokeyry.github.io/portfolio/resume/ | F23: 196 | G23: 3.66 | H23: I certify that I have completed the pre-requisites listed at https://datascience.ucsd.edu/current-students/course-descriptions-and-prerequisites/#dsc-180a-data-science-project-1 and I am eligible to enroll in DSC 180A. | I23: D02 | J23: D01 | K23: D06 | L23: D14 | M23: D08 | N23: D16 | O23: D28 | P23: D20 | Q23: D12 | R23: D29
A24: 46176.614 | B24: t2harmon@ucsd.edu | C24: A18251274 | D24: Timothy Harmon | E24: https://drive.google.com/file/d/1YcMh_eS0fUbQIJ0BMmR8NTgHYixYPJKa/view?usp=sharing | F24: 187 | G24: 3.91 | H24: I certify that I have completed the pre-requisites listed at https://datascience.ucsd.edu/current-students/course-descriptions-and-prerequisites/#dsc-180a-data-science-project-1 and I am eligible to enroll in DSC 180A. | I24: D02 | J24: D33 | K24: D28 | L24: D31 | M24: D39
A25: 46195.894 | B25: bscruz@ucsd.edu | C25: A18578660 | D25: Bryan Cruz | E25: https://docs.google.com/document/d/13X1KsziWs9D5AuZ48KEqMhYFV5JZ46bZ0-yydnjGSsQ/edit?usp=share_link | F25: 181 | G25: 3.442 | H25: I certify that I have completed the pre-requisites listed at https://datascience.ucsd.edu/current-students/course-descriptions-and-prerequisites/#dsc-180a-data-science-project-1 and I am eligible to enroll in DSC 180A. | I25: D02 | J25: D42 | K25: D03 | L25: D43 | M25: D01 | N25: D05 | O25: D06 | P25: D16 | Q25: D12 | R25: D22
A26: 46194.683 | B26: alw054@ucsd.edu | C26: A18592255 | D26: Alisha Wang | E26: https://drive.google.com/file/d/11b_Py6OiqQB0BJZGNwuBdN-2p-dqt5Kr/view?usp=sharing | F26: 276 | G26: 3.923 | H26: I certify that I have completed the pre-requisites listed at https://datascience.ucsd.edu/current-students/course-descriptions-and-prerequisites/#dsc-180a-data-science-project-1 and I am eligible to enroll in DSC 180A. | I26: D03 | J26: D12 | K26: D28 | L26: D08 | M26: D29 | N26: D42 | O26: D14 | P26: D05
A27: 46195.407 | B27: vil018@ucsd.edu | C27: A17719081 | D27: Vivian Lin | E27: https://drive.google.com/file/d/1dKw4rOmVGj4jXhbVgmpucRu3-EOf7mWy/view?usp=sharing | F27: 235 | G27: 3.86 | H27: I certify that I have completed the pre-requisites listed at https://datascience.ucsd.edu/current-students/course-descriptions-and-prerequisites/#dsc-180a-data-science-project-1 and I am eligible to enroll in DSC 180A. | I27: D03 | J27: D12 | K27: D08 | L27: D16 | M27: D43 | N27: D18
A28: 46191.587 | B28: amz004@ucsd.edu | C28: A18110768 | D28: Amy Zhao | F28: 220 | G28: 3.8 | H28: I certify that I have completed the pre-requisites listed at https://datascience.ucsd.edu/current-students/course-descriptions-and-prerequisites/#dsc-180a-data-science-project-1 and I am eligible to enroll in DSC 180A. | I28: D03 | J28: D15 | K28: D43 | L28: D19 | M28: D01 | N28: D22 | O28: D06 | P28: D11 | Q28: D14 | R28: D16
A29: 46194.591 | B29: mavaught@ucsd.edu | C29: A17887951 | D29: Matthew Vaught | E29: https://drive.google.com/file/d/1ut421xnPtIvwaeuleLnsGbUT-JWJllqU/view?usp=sharing | F29: 190 | G29: 3.84 | H29: I certify that I have completed the pre-requisites listed at https://datascience.ucsd.edu/current-students/course-descriptions-and-prerequisites/#dsc-180a-data-science-project-1 and I am eligible to enroll in DSC 180A. | I29: D03 | J29: D01 | K29: D28 | L29: D43 | M29: D02 | N29: D13 | O29: D23 | P29: D12 | Q29: D15
A30: 46191.532 | B30: bvanhorn@ucsd.edu | C30: A18513923 | D30: Brandon Van Horn | E30: https://drive.google.com/file/d/10WxTwUnnqZvct8veh3aSlAbwXnj-hVeW/view?usp=sharing | F30: 185.5 | G30: 3.9 | H30: I certify that I have completed the pre-requisites listed at https://datascience.ucsd.edu/current-students/course-descriptions-and-prerequisites/#dsc-180a-data-science-project-1 and I am eligible to enroll in DSC 180A. | I30: D03 | J30: D06 | K30: D05 | L30: D02 | M30: D01
A31: 46193.605 | B31: mpudukottaikrishnara@ucsd.edu | C31: A18266463 | D31: Madhav Pudukottai Krishnaraj | E31: https://drive.google.com/file/d/1YGTFSKAd4AJT0nfmu0tLvs6NGV3gu5x9/view?usp=sharing | F31: 177 | G31: 3.529 | H31: I certify that I have completed the pre-requisites listed at https://datascience.ucsd.edu/current-students/course-descriptions-and-prerequisites/#dsc-180a-data-science-project-1 and I am eligible to enroll in DSC 180A. | I31: D03 | J31: D02 | K31: D43 | L31: D10 | M31: D21 | N31: D28 | O31: D23 | P31: D34 | Q31: D37 | R31: D38
A32: 46192.934 | B32: vsahjwani@ucsd.edu | C32: A17785797 | D32: Vani Sahjwani | E32: https://drive.google.com/file/d/1puwnAM_58vKb6NZtUXO4_CvbSbExs9VU/view?usp=sharing | F32: 229 | G32: 3.56 | H32: I certify that I have completed the pre-requisites listed at https://datascience.ucsd.edu/current-students/course-descriptions-and-prerequisites/#dsc-180a-data-science-project-1 and I am eligible to enroll in DSC 180A. | I32: D04 | J32: D39 | K32: D40 | L32: D12 | M32: D17 | N32: D38
A33: 46192.549 | B33: kyzhao@ucsd.edu | C33: A18357580 | D33: Kyle Zhao | E33: https://drive.google.com/file/d/1QLFaezyIfe7B9rLdJWvKixn54HKjq-M7/view?usp=sharing | F33: 172 | G33: 3.88 | H33: I certify that I have completed the pre-requisites listed at https://datascience.ucsd.edu/current-students/course-descriptions-and-prerequisites/#dsc-180a-data-science-project-1 and I am eligible to enroll in DSC 180A. | I33: D04 | J33: D26 | K33: D01 | L33: D28 | M33: D31 | N33: D22 | O33: D30 | P33: D07 | Q33: D06 | R33: D12
A34: 46191.861 | B34: tap008@ucsd.edu | C34: A18345479 | D34: Taejun Park | E34: https://drive.google.com/file/d/1uPPxRcJwJ1dkPRRS-HmSzbJu1QbhFsRo/view?usp=sharing | F34: 142 | G34: 4 | H34: I certify that I have completed the pre-requisites listed at https://datascience.ucsd.edu/current-students/course-descriptions-and-prerequisites/#dsc-180a-data-science-project-1 and I am eligible to enroll in DSC 180A. | I34: D04 | J34: D34 | K34: D13 | L34: D38 | M34: D43 | N34: D36 | O34: D23 | P34: D18 | Q34: D10 | R34: D17
A35: 46192.975 | B35: mjviray@ucsd.edu | C35: A18520711 | D35: Matthew Justine Viray | E35: https://drive.google.com/file/d/1gBjkrqkGCxtq7dXULSf3nUU1lZ6F_XGV/view?usp=drive_link | F35: 217 | G35: 3.81 | H35: I certify that I have completed the pre-requisites listed at https://datascience.ucsd.edu/current-students/course-descriptions-and-prerequisites/#dsc-180a-data-science-project-1 and I am eligible to enroll in DSC 180A. | I35: D05 | J35: D19 | K35: D01 | L35: D11 | M35: D44 | N35: D42 | O35: D28 | P35: D23 | Q35: D21 | R35: D20
A36: 46194.992 | B36: stey@ucsd.edu | C36: A18566916 | D36: Sharon Tey | E36: https://docs.google.com/document/d/1k24uXGLmV4uhrT1QkVirIt3kmlx5FcFwgg1R_6KuIiA/edit?usp=sharing | F36: 99 | G36: 3.73 | H36: I certify that I have completed the pre-requisites listed at https://datascience.ucsd.edu/current-students/course-descriptions-and-prerequisites/#dsc-180a-data-science-project-1 and I am eligible to enroll in DSC 180A. | I36: D05 | J36: D44 | K36: D01 | L36: D28 | M36: D37 | N36: D36 | O36: D34 | P36: D10 | Q36: D17 | R36: D08
A37: 46195.854 | B37: anellis@ucsd.edu | C37: A17830583 | D37: Annaly Ellis | E37: https://drive.google.com/file/d/1Y5A4OFBKCxFlLPyo0ruloo-LGRSTx6Em/view?usp=sharing | F37: 193 | G37: 3.652 | H37: I certify that I have completed the pre-requisites listed at https://datascience.ucsd.edu/current-students/course-descriptions-and-prerequisites/#dsc-180a-data-science-project-1 and I am eligible to enroll in DSC 180A. | I37: D06 | J37: D01 | K37: D14 | L37: D38 | M37: D12 | N37: D23 | O37: D26 | P37: D37 | Q37: D02 | R37: D16
A38: 46191.634 | B38: manissen@ucsd.edu | C38: A17961729 | D38: Margot Nissen | E38: https://docs.google.com/document/d/1W9v64R68TtvkJfMuidwXZrzokJpL7X4Wotn5Y1tDkJI/edit?usp=sharing | F38: 200 | G38: 3.48 | H38: I certify that I have completed the pre-requisites listed at https://datascience.ucsd.edu/current-students/course-descriptions-and-prerequisites/#dsc-180a-data-science-project-1 and I am eligible to enroll in DSC 180A. | I38: D07 | J38: D43 | K38: D08 | L38: D42 | M38: D18 | N38: D05 | O38: D03 | P38: D16 | Q38: D01 | R38: D15
A39: 46194.6 | B39: japarra@ucsd.edu | C39: A17939771 | D39: Jared Parra | E39: https://docs.google.com/document/d/e/2PACX-1vSMNhW1qSDbxh_4CXTtjR40Z9fMcRjp6qk97OcjX6bbuio0XqG-c87IdychjfGeB1vCLaB8CSxlUO0Z/pub | F39: 196.75 | G39: 3.113 | H39: I certify that I have completed the pre-requisites listed at https://datascience.ucsd.edu/current-students/course-descriptions-and-prerequisites/#dsc-180a-data-science-project-1 and I am eligible to enroll in DSC 180A. | I39: D07 | J39: D12 | K39: D42 | L39: D08 | M39: D01 | N39: D23 | O39: D24 | P39: D05 | Q39: D14 | R39: D15
A40: 46195.951 | B40: amuhamadafandy@ucsd.edu | C40: A17372335 | D40: Amjad Faiz Bin Muhamad Afandy | E40: https://drive.google.com/file/d/1GA8EDhBNr6SSygTDg9k4IjukUyiXfViD/view?usp=sharing | F40: 170 | G40: 3.132 | H40: I certify that I have completed the pre-requisites listed at https://datascience.ucsd.edu/current-students/course-descriptions-and-prerequisites/#dsc-180a-data-science-project-1 and I am eligible to enroll in DSC 180A. | I40: D07 | J40: D08 | K40: D01 | L40: D42 | M40: D15
A41: 46195.813 | B41: nnaineni@ucsd.edu | C41: A17929841 | D41: Nayana Naineni | E41: https://drive.google.com/file/d/1ZQQ0SN9fA5dxypHFi-sT-nEP8AolZNNX/view | F41: 170 | G41: 3.41 | H41: I certify that I have completed the pre-requisites listed at https://datascience.ucsd.edu/current-students/course-descriptions-and-prerequisites/#dsc-180a-data-science-project-1 and I am eligible to enroll in DSC 180A. | I41: D07 | J41: D33 | K41: D29 | L41: D01 | M41: D26 | N41: D22 | O41: D04 | P41: D06 | Q41: D05 | R41: D28
A42: 46181.45 | B42: m1chun@ucsd.edu | C42: A17751496 | D42: Mieko Chun | E42: https://docs.google.com/document/d/12tuUjLGHGbk5fgp1euc9pTWJyxcizdR-K48z4x8aVKk/edit?usp=sharing | F42: 170 | G42: 3.74 | H42: I certify that I have completed the pre-requisites listed at https://datascience.ucsd.edu/current-students/course-descriptions-and-prerequisites/#dsc-180a-data-science-project-1 and I am eligible to enroll in DSC 180A. | I42: D07 | J42: D43 | K42: D08 | L42: D42 | M42: D18 | N42: D05 | O42: D03 | P42: D16 | Q42: D01 | R42: D15
A43: 46194.715 | B43: knli@ucsd.edu | C43: A18539554 | D43: Keilani Li | E43: https://drive.google.com/file/d/1BFjDOAbRadcYNthWDliyQijM9J4U-Yzf/view?usp=sharing | F43: 208 | G43: 3.468 | H43: I certify that I have completed the pre-requisites listed at https://datascience.ucsd.edu/current-students/course-descriptions-and-prerequisites/#dsc-180a-data-science-project-1 and I am eligible to enroll in DSC 180A. | I43: D08 | J43: D12 | K43: D11 | L43: D36 | M43: D37 | N43: D03 | O43: D05 | P43: D20 | Q43: D43 | R43: D41
A44: 46194.839 | B44: haz099@ucsd.edu | C44: A17817145 | D44: Haowen Zhang | E44: https://hz0410.github.io/portfolio/resume/ | F44: 206 | G44: 3.875 | H44: I certify that I have completed the pre-requisites listed at https://datascience.ucsd.edu/current-students/course-descriptions-and-prerequisites/#dsc-180a-data-science-project-1 and I am eligible to enroll in DSC 180A. | I44: D08 | J44: D32 | K44: D01 | L44: D03 | M44: D04 | N44: D12 | O44: D21
A45: 46180.551 | B45: auchung@ucsd.edu | C45: A18111807 | D45: Audrey Chung | E45: https://tinyurl.com/auchung | F45: 194 | G45: 3.95 | H45: I certify that I have completed the pre-requisites listed at https://datascience.ucsd.edu/current-students/course-descriptions-and-prerequisites/#dsc-180a-data-science-project-1 and I am eligible to enroll in DSC 180A. | I45: D08 | J45: D01 | K45: D11 | L45: D36 | M45: D28 | N45: D37 | O45: D18 | P45: D21 | Q45: D12 | R45: D16
A46: 46192.903 | B46: kfl002@ucsd.edu | C46: A18505526 | D46: Kang Lee | E46: https://www.overleaf.com/read/pcjxgwrgfprh#991e96 | F46: 193.5 | G46: 3.427 | H46: I certify that I have completed the pre-requisites listed at https://datascience.ucsd.edu/current-students/course-descriptions-and-prerequisites/#dsc-180a-data-science-project-1 and I am eligible to enroll in DSC 180A. | I46: D08 | J46: D12 | K46: D03 | L46: D01 | M46: D42 | N46: D43 | O46: D07 | P46: D16 | Q46: D15 | R46: D44
A47: 46194.993 | B47: ssathaye@ucsd.edu | C47: A18609679 | D47: Siya Sathaye | E47: https://docs.google.com/document/d/1q20uiycQ0L-e5krBVSGKB5hurpI_TUENn_oqChVpGUo/edit?usp=sharing | F47: 190 | G47: 3.8 | H47: I certify that I have completed the pre-requisites listed at https://datascience.ucsd.edu/current-students/course-descriptions-and-prerequisites/#dsc-180a-data-science-project-1 and I am eligible to enroll in DSC 180A. | I47: D08 | J47: D37 | K47: D36 | L47: D03 | M47: D04 | N47: D14 | O47: D18 | P47: D34 | Q47: D26 | R47: D33
A48: 46194.356 | B48: tleo@ucsd.edu | C48: A17855583 | D48: Tristan Leo | E48: https://docs.google.com/document/d/1HwLXr04e3Bhk8BUpaUsI710_QQ_oMJuME82zFWJsQv4/edit?tab=t.0 | F48: 188 | G48: 3.65 | H48: I certify that I have completed the pre-requisites listed at https://datascience.ucsd.edu/current-students/course-descriptions-and-prerequisites/#dsc-180a-data-science-project-1 and I am eligible to enroll in DSC 180A. | I48: D08 | J48: D17 | K48: D12 | L48: D11 | M48: D18 | N48: D37 | O48: D07 | P48: D15 | Q48: D42 | R48: D44
A49: 46195.94 | B49: ameliawong2005@gmail.com | C49: A17972569 | D49: Amelia Wong | E49: https://docs.google.com/document/d/1CZEWHzYkhQsRHwXwL4glwCd4tTDBEwqUjOg-sLDnmjo/edit?usp=drivesdk | F49: 180 | G49: 3.503 | H49: I certify that I have completed the pre-requisites listed at https://datascience.ucsd.edu/current-students/course-descriptions-and-prerequisites/#dsc-180a-data-science-project-1 and I am eligible to enroll in DSC 180A. | I49: D08 | J49: D29 | K49: D21 | L49: D01 | M49: D26 | N49: D30 | O49: D27 | P49: D22 | Q49: D33 | R49: D04
A50: 46193.884 | B50: awikarsa@ucsd.edu | C50: A17920154 | D50: Alyxandrea Wikarsa | E50: https://drive.google.com/file/d/1YCiPSYQOqMhv6jAzdFdaEuKI6tZu2te1/view?usp=share_link | F50: 167 | G50: 3.65 | H50: I certify that I have completed the pre-requisites listed at https://datascience.ucsd.edu/current-students/course-descriptions-and-prerequisites/#dsc-180a-data-science-project-1 and I am eligible to enroll in DSC 180A. | I50: D08 | J50: D42 | K50: D12 | L50: D07 | M50: D15 | N50: D19 | O50: D04 | P50: D11 | Q50: D01 | R50: D16
A51: 46193.584 | B51: jtc006@ucsd.edu | C51: A18113311 | D51: Jennifer Chang | E51: https://drive.google.com/file/d/1-rJNdFXpeLbecJIBIQMAP8TIvo6jtMjr/view?usp=sharing | F51: 140.5 | G51: 3.634 | H51: I certify that I have completed the pre-requisites listed at https://datascience.ucsd.edu/current-students/course-descriptions-and-prerequisites/#dsc-180a-data-science-project-1 and I am eligible to enroll in DSC 180A. | I51: D08 | J51: D01 | K51: D42 | L51: D44 | M51: D07 | N51: D21 | O51: D29 | P51: D06 | Q51: D30 | R51: D20
A52: 46194.007 | B52: k2feng@ucsd.edu | C52: A17718801 | D52: Kate Feng | E52: https://drive.google.com/file/d/1pSouX6WO17xIEOWdpEEkB_sbsVu3vDYu/view?usp=sharing | F52: 100 | G52: 3.91 | H52: I certify that I have completed the pre-requisites listed at https://datascience.ucsd.edu/current-students/course-descriptions-and-prerequisites/#dsc-180a-data-science-project-1 and I am eligible to enroll in DSC 180A. | I52: D08 | J52: D19 | K52: D07 | L52: D21 | M52: D20 | N52: D32 | O52: D41 | P52: D16 | Q52: D24 | R52: D22
A53: 46195.566 | B53: marcos@ucsd.edu | C53: A17912246 | D53: Marcelo Arcos | E53: https://drive.google.com/file/d/1Xs4Ry4cJxlgStbdC1thaSvdxeCMBrS2N/view?usp=drive_link | F53: 182.5 | G53: 3.168 | H53: I certify that I have completed the pre-requisites listed at https://datascience.ucsd.edu/current-students/course-descriptions-and-prerequisites/#dsc-180a-data-science-project-1 and I am eligible to enroll in DSC 180A. | I53: D09 | J53: D39 | K53: D17 | L53: D13 | M53: D18 | N53: D33 | O53: D20 | P53: D02 | Q53: D43 | R53: D16
A54: 46193.692 | B54: rtjenalooi@ucsd.edu | C54: A17886164 | D54: Ryan Tjenalooi | E54: https://docs.google.com/document/d/1ODt9R_nM6_qo3HkJwN8sAqnldlxSv6D_6_Gn4MgY9CU/edit?usp=sharing | F54: 244.5 | G54: 3.932 | H54: I certify that I have completed the pre-requisites listed at https://datascience.ucsd.edu/current-students/course-descriptions-and-prerequisites/#dsc-180a-data-science-project-1 and I am eligible to enroll in DSC 180A. | I54: D10 | J54: D05 | K54: D06 | L54: D13 | M54: D11 | N54: D16 | O54: D04 | P54: D09 | Q54: D14 | R54: D07
A55: 46194.928 | B55: k1mittal@ucsd.edu | C55: A17711319 | D55: Ketan Mittal | E55: https://drive.google.com/file/d/1uJFjsGsq7Ual8J0it1SBkC4rO04X1vBL/view?usp=sharing | F55: 222 | G55: 3.97 | H55: I certify that I have completed the pre-requisites listed at https://datascience.ucsd.edu/current-students/course-descriptions-and-prerequisites/#dsc-180a-data-science-project-1 and I am eligible to enroll in DSC 180A. | I55: D10 | J55: D38 | K55: D32 | L55: D39 | M55: D34 | N55: D28 | O55: D02 | P55: D37 | Q55: D36 | R55: D23
A56: 46192.532 | B56: rylindberg@ucsd.edu | C56: A18523157 | D56: Ryan Lindberg | E56: https://ryanlindberg.dev/ | F56: 218.5 | G56: 3.91 | H56: I certify that I have completed the pre-requisites listed at https://datascience.ucsd.edu/current-students/course-descriptions-and-prerequisites/#dsc-180a-data-science-project-1 and I am eligible to enroll in DSC 180A. | I56: D10 | J56: D09 | K56: D18 | L56: D16 | M56: D02 | N56: D06 | O56: D33 | P56: D11 | Q56: D05 | R56: D17
A57: 46195.953 | B57: jscalderon@ucsd.edu | C57: A18504223 | D57: Joseph Calderon | E57: https://jscalderon204.github.io/ | F57: 217 | G57: 3.16 | H57: I certify that I have completed the pre-requisites listed at https://datascience.ucsd.edu/current-students/course-descriptions-and-prerequisites/#dsc-180a-data-science-project-1 and I am eligible to enroll in DSC 180A. | I57: D10 | J57: D21 | K57: D23 | L57: D33 | M57: D34 | N57: D02 | O57: D39 | P57: D41
A58: 46193.409 | B58: sbhatnagar@ucsd.edu | C58: A18603940 | D58: Sweekrit Bhatnagar | E58: https://drive.google.com/file/d/1fPS7M75j7eBwComcMBDnLO2CdbMvPsqM/view?usp=drivesdk | F58: 156 | G58: 3.987 | H58: I certify that I have completed the pre-requisites listed at https://datascience.ucsd.edu/current-students/course-descriptions-and-prerequisites/#dsc-180a-data-science-project-1 and I am eligible to enroll in DSC 180A. | I58: D10 | J58: D08 | K58: D36 | L58: D23 | M58: D02 | N58: D03 | O58: D11 | P58: D09 | Q58: D12 | R58: D13
A59: 46195.713 | B59: asnath@ucsd.edu | C59: A18321535 | D59: Aryan Nath | E59: https://drive.google.com/file/d/174XekynJ-ZrHz3xdoC_aQ75vQkYvj8qA/view?usp=sharing | F59: 139 | G59: 3.78 | H59: I certify that I have completed the pre-requisites listed at https://datascience.ucsd.edu/current-students/course-descriptions-and-prerequisites/#dsc-180a-data-science-project-1 and I am eligible to enroll in DSC 180A. | I59: D10 | J59: D37 | K59: D09 | L59: D43 | M59: D05 | N59: D31 | O59: D38 | P59: D23 | Q59: D13 | R59: D20
A60: 46195.961 | B60: emyip@ucsd.edu | C60: A18113345 | D60: Emily Yip | E60: https://drive.google.com/file/d/19jn6r4NXtMeaQ0hHE_BMWCgMKdJrxggo/view?usp=sharing | F60: 194 | G60: 3.64 | H60: I certify that I have completed the pre-requisites listed at https://datascience.ucsd.edu/current-students/course-descriptions-and-prerequisites/#dsc-180a-data-science-project-1 and I am eligible to enroll in DSC 180A. | I60: D11 | J60: D14 | K60: D07 | L60: D06 | M60: D27
A61: 46190.374 | B61: huyie@ucsd.edu | C61: A18030348 | D61: Huiyu Yie | E61: https://drive.google.com/file/d/1KteIxoQkefwErT_a4bGaSgeV-hKX-CqZ/view?usp=drive_link | F61: 270.75 | G61: 3.98 | H61: I certify that I have completed the pre-requisites listed at https://datascience.ucsd.edu/current-students/course-descriptions-and-prerequisites/#dsc-180a-data-science-project-1 and I am eligible to enroll in DSC 180A. | I61: D12 | J61: D11 | K61: D01 | L61: D23 | M61: D28 | N61: D37 | O61: D42 | P61: D08 | Q61: D05 | R61: D10
A62: 46195.538 | B62: zix021@ucsd.edu | C62: A18127466 | D62: Zilig Xu | E62: https://drive.google.com/file/d/1sDgGGYeyT5zwgDzj1ePmdArK9_MrICVf/view?usp=drive_link | F62: 237.5 | G62: 3.969 | H62: I certify that I have completed the pre-requisites listed at https://datascience.ucsd.edu/current-students/course-descriptions-and-prerequisites/#dsc-180a-data-science-project-1 and I am eligible to enroll in DSC 180A. | I62: D12 | J62: D23 | K62: D42 | L62: D11 | M62: D08 | N62: D44 | O62: D07 | P62: D28 | Q62: D21 | R62: D05
A63: 46191.709 | B63: houyang@ucsd.edu | C63: A17944500 | D63: Steven Ouyang | E63: https://docs.google.com/document/d/1CZJIZsuPFdzIa9Aa-qzwklgV_XmzVfIZ/edit?usp=sharing&ouid=113236019755098933288&rtpof=true&sd=true | F63: 232.5 | G63: 3.72 | H63: I certify that I have completed the pre-requisites listed at https://datascience.ucsd.edu/current-students/course-descriptions-and-prerequisites/#dsc-180a-data-science-project-1 and I am eligible to enroll in DSC 180A. | I63: D12 | J63: D41 | K63: D19 | L63: D07 | M63: D14 | N63: D25 | O63: D05 | P63: D15 | Q63: D11 | R63: D29
A64: 46192.633 | B64: ailai@ucsd.edu | C64: A17810860 | D64: Aiden Lai | E64: https://docs.google.com/document/d/1OsHhWCA0VC16uGyS1wZjfn6bvzHa5yN5b0wMOo8Eh0A/edit?tab=t.y3s7iln4gpyh | F64: 221 | G64: 3.88 | H64: I certify that I have completed the pre-requisites listed at https://datascience.ucsd.edu/current-students/course-descriptions-and-prerequisites/#dsc-180a-data-science-project-1 and I am eligible to enroll in DSC 180A. | I64: D12 | J64: D23 | K64: D36 | L64: D08 | M64: D37 | N64: D01 | O64: D15 | P64: D07 | Q64: D05 | R64: D06
A65: 46195.503 | B65: itibdewal@ucsd.edu | C65: A17736930 | D65: Ishaan Tibdewal | E65: https://drive.google.com/drive/folders/1L68-rtmzE-02ZVKiB_sH56QMmLlYt3b4?usp=sharing | F65: 220 | G65: 3.79 | H65: I certify that I have completed the pre-requisites listed at https://datascience.ucsd.edu/current-students/course-descriptions-and-prerequisites/#dsc-180a-data-science-project-1 and I am eligible to enroll in DSC 180A. | I65: D12 | J65: D23 | K65: D04 | L65: D33 | M65: D15 | N65: D13 | O65: D37 | P65: D34 | Q65: D28 | R65: D38
A66: 46176.667 | B66: gmaayah@ucsd.edu | C66: A18590715 | D66: Gabriel Maayah | E66: https://maayahga.github.io/Resume/#contact | F66: 205 | G66: 2.89 | H66: I certify that I have completed the pre-requisites listed at https://datascience.ucsd.edu/current-students/course-descriptions-and-prerequisites/#dsc-180a-data-science-project-1 and I am eligible to enroll in DSC 180A. | I66: D12 | J66: D08 | K66: D42 | L66: D11 | M66: D07 | N66: D15 | O66: D23 | P66: D04 | Q66: D29 | R66: D21
A67: 46191.337 | B67: kez016@ucsd.edu | C67: A18114530 | D67: Kevin Zhu | E67: https://drive.google.com/file/d/1ZBYM8lHyVzJ1goS2OXiwrNlbEI7tGGRs/view?usp=sharing | F67: 202 | G67: 3.75 | H67: I certify that I have completed the pre-requisites listed at https://datascience.ucsd.edu/current-students/course-descriptions-and-prerequisites/#dsc-180a-data-science-project-1 and I am eligible to enroll in DSC 180A. | I67: D12 | J67: D13 | K67: D18 | L67: D10 | M67: D01 | N67: D32 | O67: D28 | P67: D39 | Q67: D04 | R67: D07
A68: 46195.978 | B68: lwai@ucsd.edu | C68: A18547220 | D68: Su Love Wai | E68: https://drive.google.com/file/d/1qY1Tr-6GW-SKgYCgf6ljmtcz2W_NqK7P/view?usp=sharing | F68: 201 | G68: 3.13 | H68: I certify that I have completed the pre-requisites listed at https://datascience.ucsd.edu/current-students/course-descriptions-and-prerequisites/#dsc-180a-data-science-project-1 and I am eligible to enroll in DSC 180A. | I68: D12 | J68: D07 | K68: D08 | L68: D01 | M68: D28 | N68: D25 | O68: D23 | P68: D19 | Q68: D42 | R68: D14
A69: 46195.907 | B69: bhn007@ucsd.edu | C69: A18582246 | D69: Bryan Nguyen | E69: https://docs.google.com/document/d/12H_dfSY1xuTw5AzGJjdK4hHAgZ3nWSDfxSEbQdfyPPA/edit?usp=sharing | F69: 201 | G69: 2.9 | H69: I certify that I have completed the pre-requisites listed at https://datascience.ucsd.edu/current-students/course-descriptions-and-prerequisites/#dsc-180a-data-science-project-1 and I am eligible to enroll in DSC 180A. | I69: D12 | J69: D05 | K69: D01 | L69: D11 | M69: D04 | N69: D07 | O69: D08 | P69: D15 | Q69: D19 | R69: D42
A70: 46190.817 | B70: cat020@ucsd.edu | C70: A18198148 | D70: Calvin Truong | E70: https://canva.link/47yjrht8rvs6d3u | F70: 192.5 | G70: 3.546 | H70: I certify that I have completed the pre-requisites listed at https://datascience.ucsd.edu/current-students/course-descriptions-and-prerequisites/#dsc-180a-data-science-project-1 and I am eligible to enroll in DSC 180A. | I70: D12 | J70: D44 | K70: D42 | L70: D21 | M70: D02 | N70: D23 | O70: D07 | P70: D28 | Q70: D11 | R70: D43
A71: 46191.068 | B71: jading@ucsd.edu | C71: A18386039 | D71: Jack Ding | E71: https://ucsdcloud-my.sharepoint.com/:w:/g/personal/jading_ucsd_edu/IQAPKFzWqM4eRaEzHoPvOWnxAYwbbUSi0-2bZVTazKJK5Yg?e=UWAtsD | F71: 190.5 | G71: 3.945 | H71: I certify that I have completed the pre-requisites listed at https://datascience.ucsd.edu/current-students/course-descriptions-and-prerequisites/#dsc-180a-data-science-project-1 and I am eligible to enroll in DSC 180A. | I71: D12 | J71: D44 | K71: D42 | L71: D21 | M71: D02 | N71: D23 | O71: D07 | P71: D28 | Q71: D11 | R71: D43
A72: 46192.799 | B72: sfscott@ucsd.edu | C72: A18561762 | D72: Scarlett Scott | E72: https://scarlett-scott.tiiny.site | F72: 189 | G72: 3.3 | H72: I certify that I have completed the pre-requisites listed at https://datascience.ucsd.edu/current-students/course-descriptions-and-prerequisites/#dsc-180a-data-science-project-1 and I am eligible to enroll in DSC 180A. | I72: D12 | J72: D15 | K72: D21 | L72: D23 | M72: D42 | N72: D01 | O72: D31 | P72: D25 | Q72: D11 | R72: D04
A73: 46176.65 | B73: liz066@ucsd.edu | C73: A18529982 | D73: Liuxuhong Zhao | E73: https://drive.google.com/file/d/1lDAPC4XPetBJhNzxBi6-w2DIroj0S3ZA/view?usp=sharing | F73: 189 | G73: 3.6 | H73: I certify that I have completed the pre-requisites listed at https://datascience.ucsd.edu/current-students/course-descriptions-and-prerequisites/#dsc-180a-data-science-project-1 and I am eligible to enroll in DSC 180A. | I73: D12 | J73: D23 | K73: D01 | L73: D07 | M73: D08
A74: 46195.422 | B74: m1petersen@ucsd.edu | C74: A16803192 | D74: Michael Petersen | E74: https://m1petersen.github.io/Resume.pdf | F74: 188 | G74: 3.8 | H74: I certify that I have completed the pre-requisites listed at https://datascience.ucsd.edu/current-students/course-descriptions-and-prerequisites/#dsc-180a-data-science-project-1 and I am eligible to enroll in DSC 180A. | I74: D12 | J74: D23 | K74: D15 | L74: D04 | M74: D33 | N74: D13 | O74: D37 | P74: D34 | Q74: D28 | R74: D38
A75: 46195.927 | B75: khannigan@ucsd.edu | C75: A17802231 | D75: Katie Hannigan | E75: https://katiehanni.github.io/portfolio/ | F75: 186 | G75: 3.376 | H75: I certify that I have completed the pre-requisites listed at https://datascience.ucsd.edu/current-students/course-descriptions-and-prerequisites/#dsc-180a-data-science-project-1 and I am eligible to enroll in DSC 180A. | I75: D12 | J75: D42 | K75: D07 | L75: D05 | M75: D37 | N75: D21 | O75: D14 | P75: D15 | Q75: D24
A76: 46194.922 | B76: msissel@ucsd.edu | C76: A17814846 | D76: Maya Sissel | E76: https://drive.google.com/file/d/1TXsvMw9DzVHYRzBoyxjH3doXIf_HJFjG/view?usp=drivesdk | F76: 186 | G76: 3.351 | H76: I certify that I have completed the pre-requisites listed at https://datascience.ucsd.edu/current-students/course-descriptions-and-prerequisites/#dsc-180a-data-science-project-1 and I am eligible to enroll in DSC 180A. | I76: D12 | J76: D07 | K76: D02 | L76: D05 | M76: D01 | N76: D11 | O76: D14 | P76: D15 | Q76: D41 | R76: D23
A77: 46176.685 | B77: l6feng@ucsd.edu | C77: A18116163 | D77: Vanessa Feng | E77: https://drive.google.com/file/d/1VdHkmLnwd8CizQ4I0yJrxgqZx6BTkc9Y/view?usp=drive_link | F77: 185 | G77: 3.75 | H77: I certify that I have completed the pre-requisites listed at https://datascience.ucsd.edu/current-students/course-descriptions-and-prerequisites/#dsc-180a-data-science-project-1 and I am eligible to enroll in DSC 180A. | I77: D12 | J77: D23 | K77: D37 | L77: D11 | M77: D07
A78: 46192.799 | B78: jrs004@ucsd.edu | C78: A18515990 | D78: Joey Sandoval | E78: https://empty-cloud-59.linkyhost.com | F78: 181.5 | G78: 3.32 | H78: I certify that I have completed the pre-requisites listed at https://datascience.ucsd.edu/current-students/course-descriptions-and-prerequisites/#dsc-180a-data-science-project-1 and I am eligible to enroll in DSC 180A. | I78: D12 | J78: D15 | K78: D21 | L78: D23 | M78: D42 | N78: D01 | O78: D31 | P78: D25 | Q78: D11 | R78: D04
A79: 46193.984 | B79: hbi@ucsd.edu | C79: A18536656 | D79: Haoshuo Bi | E79: https://drive.google.com/file/d/1HIlvsPhkXjsYxl5QlptyKpPQk9Q3PHKb/view?usp=sharing | F79: 180 | G79: 3.49 | H79: I certify that I have completed the pre-requisites listed at https://datascience.ucsd.edu/current-students/course-descriptions-and-prerequisites/#dsc-180a-data-science-project-1 and I am eligible to enroll in DSC 180A. | I79: D12 | J79: D37 | K79: D44 | L79: D28 | M79: D23 | N79: D08 | O79: D11 | P79: D42 | Q79: D17 | R79: D33
A80: 46176.567 | B80: sssingh@ucsd.edu | C80: A18589762 | D80: Sonali Singh | E80: https://drive.google.com/file/d/1KBjR998xfMbT4T4EqSoeDk9T_xa_0rRX/view?usp=sharing | F80: 169 | G80: 3.38 | H80: I certify that I have completed the pre-requisites listed at https://datascience.ucsd.edu/current-students/course-descriptions-and-prerequisites/#dsc-180a-data-science-project-1 and I am eligible to enroll in DSC 180A. | I80: D12 | J80: D23 | K80: D11 | L80: D28 | M80: D37 | N80: D01 | O80: D36 | P80: D21 | Q80: D25 | R80: D35
A81: 46177.131 | B81: sosu@ucsd.edu | C81: A17768490 | D81: Song Su | E81: https://drive.google.com/file/d/1cqvycmUxQDlQYAZtSn2OWPLIyHBufNaz/view?usp=sharing | F81: 168 | G81: 3.99 | H81: I certify that I have completed the pre-requisites listed at https://datascience.ucsd.edu/current-students/course-descriptions-and-prerequisites/#dsc-180a-data-science-project-1 and I am eligible to enroll in DSC 180A. | I81: D12 | J81: D11 | K81: D01 | L81: D23 | M81: D28 | N81: D37 | O81: D42 | P81: D08 | Q81: D05 | R81: D10
A82: 46195.839 | B82: akk006@ucsd.edu | C82: A18118085 | D82: Andrew Kim | E82: https://docs.google.com/document/d/1hbNNfcQlbgaK--9dul7WzgoSSt2r8pJm/edit | F82: 164 | G82: 3 | H82: I certify that I have completed the pre-requisites listed at https://datascience.ucsd.edu/current-students/course-descriptions-and-prerequisites/#dsc-180a-data-science-project-1 and I am eligible to enroll in DSC 180A. | I82: D12 | J82: D42 | K82: D15 | L82: D21 | M82: D01 | N82: D44 | O82: D14 | P82: D05 | Q82: D11 | R82: D08
A83: 46194.696 | B83: ymir@ucsd.edu | C83: A17977854 | D83: Yaqub Mir | E83: https://drive.google.com/file/d/1Pb3BPBKpi321idEYxCNBQSBanEJEBW1q/view?usp=sharing | F83: 157 | G83: 3.409 | H83: I certify that I have completed the pre-requisites listed at https://datascience.ucsd.edu/current-students/course-descriptions-and-prerequisites/#dsc-180a-data-science-project-1 and I am eligible to enroll in DSC 180A. | I83: D12 | J83: D23 | K83: D37 | L83: D07 | M83: D15 | N83: D11 | O83: D40 | P83: D39 | Q83: D28 | R83: D21
A84: 46195.893 | B84: saouyang@ucsd.edu | C84: A17949683 | D84: Sam Ouyang | E84: https://drive.google.com/file/d/1XoH2ZaY2-maJyDSWaJ86HFKP1K6KExt0/view?usp=sharing | F84: 130 | G84: 3.63 | H84: I certify that I have completed the pre-requisites listed at https://datascience.ucsd.edu/current-students/course-descriptions-and-prerequisites/#dsc-180a-data-science-project-1 and I am eligible to enroll in DSC 180A. | I84: D12 | J84: D01 | K84: D23 | L84: D41 | M84: D29 | N84: D16 | O84: D37 | P84: D21 | Q84: D40 | R84: D20
A85: 46195.813 | B85: ameredith@ucsd.edu | C85: A17986122 | D85: Audrey Meredith | E85: https://drive.google.com/file/d/1bR2xJQ6Y6L7ZYxLygGFkoKOYMvfMlf9x/view?usp=sharing | F85: 116 | G85: 3.6 | H85: I certify that I have completed the pre-requisites listed at https://datascience.ucsd.edu/current-students/course-descriptions-and-prerequisites/#dsc-180a-data-science-project-1 and I am eligible to enroll in DSC 180A. | I85: D12 | J85: D23 | K85: D34 | L85: D35 | M85: D37 | N85: D38 | O85: D21 | P85: D33 | Q85: D01 | R85: D13
A86: 46195.981 | B86: hputhenparambil@ucsd.edu | C86: A18114772 | D86: Hansel Puthenparambil | E86: https://canva.link/w9rox2gnd02rwod | F86: 217 | G86: 3.715 | H86: I certify that I have completed the pre-requisites listed at https://datascience.ucsd.edu/current-students/course-descriptions-and-prerequisites/#dsc-180a-data-science-project-1 and I am eligible to enroll in DSC 180A. | I86: D13 | J86: D06 | K86: D11 | L86: D17 | M86: D14 | N86: D20 | O86: D17 | P86: D28 | Q86: D02 | R86: D19
A87: 46190.612 | B87: rsaez@ucsd.edu | C87: A17869683 | D87: Rocio Saez Aguirre | E87: https://drive.google.com/file/d/1nem20aLurSi-ycTTHM2OG8H3ACFHFYEt/view?usp=sharing | F87: 251 | G87: 3.859 | H87: I certify that I have completed the pre-requisites listed at https://datascience.ucsd.edu/current-students/course-descriptions-and-prerequisites/#dsc-180a-data-science-project-1 and I am eligible to enroll in DSC 180A. | I87: D14 | J87: D11 | K87: D42 | L87: D01 | M87: D03 | N87: D28 | O87: D19 | P87: D29 | Q87: D20 | R87: D08
A88: 46193.851 | B88: kgarvais@ucsd.edu | C88: A18554338 | D88: Summer Garvais | E88: https://drive.google.com/file/d/1-CXGs8442uCFcEdYN1nGb-s2cqa2QIbd/view?usp=sharing | F88: 225 | G88: 3.68 | H88: I certify that I have completed the pre-requisites listed at https://datascience.ucsd.edu/current-students/course-descriptions-and-prerequisites/#dsc-180a-data-science-project-1 and I am eligible to enroll in DSC 180A. | I88: D14 | J88: D42 | K88: D15 | L88: D06 | M88: D11 | N88: D10 | O88: D01 | P88: D05 | Q88: D07 | R88: D16
A89: 46195.329 | B89: elc015@ucsd.edu | C89: A17966871 | D89: Elvin Chen | E89: https://docs.google.com/document/d/1iDRBAyU01B9DfRj5lR6Rt4AjUxtZGPjXwPl7PcIRhzc/edit?usp=sharing | F89: 200.5 | G89: 3.779 | H89: I certify that I have completed the pre-requisites listed at https://datascience.ucsd.edu/current-students/course-descriptions-and-prerequisites/#dsc-180a-data-science-project-1 and I am eligible to enroll in DSC 180A. | I89: D14 | J89: D28 | K89: D23 | L89: D37 | M89: D36 | N89: D34 | O89: D08 | P89: D43 | Q89: D35 | R89: D11
A90: 46194.91 | B90: hagonzalez@ucsd.edu | C90: A18113501 | D90: Hannah Gonzalez | E90: https://drive.google.com/file/d/1wk3w50NM-NwcC028MWlkaf7fpBzY2JJq/view?usp=sharing | F90: 255 | G90: 3.35 | H90: I certify that I have completed the pre-requisites listed at https://datascience.ucsd.edu/current-students/course-descriptions-and-prerequisites/#dsc-180a-data-science-project-1 and I am eligible to enroll in DSC 180A. | I90: D15 | J90: D01 | K90: D14 | L90: D05 | M90: D44 | N90: D25 | O90: D42 | P90: D43 | Q90: D19 | R90: D12
A91: 46194.834 | B91: ssarvepally@ucsd.edu | C91: A18565063 | D91: Siddhartha Sarvepally | E91: https://drive.google.com/file/d/1VYP7FyFe5a9rj-4GP51hWwbnU8Qi-NsL/view?usp=sharing | F91: 230 | G91: 3.23 | H91: I certify that I have completed the pre-requisites listed at https://datascience.ucsd.edu/current-students/course-descriptions-and-prerequisites/#dsc-180a-data-science-project-1 and I am eligible to enroll in DSC 180A. | I91: D15 | J91: D37 | K91: D23 | L91: D44 | M91: D43
A92: 46195.87 | B92: cot005@ucsd.edu | C92: A18488919 | D92: Colin Tran | E92: https://docs.google.com/document/d/1NHIf6737Oeb1odE3XBb-oOJ8h1IynRMzebFsGiq1XL8/edit?usp=sharing/ | F92: 223.5 | G92: 3.65 | H92: I certify that I have completed the pre-requisites listed at https://datascience.ucsd.edu/current-students/course-descriptions-and-prerequisites/#dsc-180a-data-science-project-1 and I am eligible to enroll in DSC 180A. | I92: D15 | J92: D12 | K92: D17 | L92: D42 | M92: D44 | N92: D23 | O92: D28 | P92: D01 | Q92: D11 | R92: D14
A93: 46190.731 | B93: a3kuo@ucsd.edu | C93: A18111482 | D93: Alexander Kuo | E93: https://drive.google.com/file/d/1KML4VI0U39cHjuuCRXWAmripuLO5gNFf/view | F93: 204 | G93: 3.763 | H93: I certify that I have completed the pre-requisites listed at https://datascience.ucsd.edu/current-students/course-descriptions-and-prerequisites/#dsc-180a-data-science-project-1 and I am eligible to enroll in DSC 180A. | I93: D15 | J93: D12 | K93: D23 | L93: D30 | M93: D19 | N93: D37 | O93: D41 | P93: D25 | Q93: D35 | R93: D38
A94: 46194.942 | B94: jal174@ucsd.edu | C94: A18540154 | D94: Justin Lee | F94: 201 | G94: 3.275 | H94: I certify that I have completed the pre-requisites listed at https://datascience.ucsd.edu/current-students/course-descriptions-and-prerequisites/#dsc-180a-data-science-project-1 and I am eligible to enroll in DSC 180A. | I94: D15 | J94: D21 | K94: D23 | L94: D12 | M94: D28 | N94: D05 | O94: D01 | P94: D14 | Q94: D06 | R94: D23
A95: 46182.895 | B95: dycheng@ucsd.edu | C95: A17813323 | D95: Dylan Cheng | E95: https://docs.google.com/document/d/1TM5SKnBAr8q36RFxL0u4msPfsxShibbtNJOA66IuMCM/edit?usp=sharing | F95: 199 | G95: 3.83 | H95: I certify that I have completed the pre-requisites listed at https://datascience.ucsd.edu/current-students/course-descriptions-and-prerequisites/#dsc-180a-data-science-project-1 and I am eligible to enroll in DSC 180A. | I95: D15 | J95: D01 | K95: D12 | L95: D08 | M95: D25
A96: 46192.373 | B96: talbao@ucsd.edu | C96: A18112703 | D96: Ty Albao | E96: https://tyism.com/lib/resume.pdf | F96: 191.5 | G96: 3.74 | H96: I certify that I have completed the pre-requisites listed at https://datascience.ucsd.edu/current-students/course-descriptions-and-prerequisites/#dsc-180a-data-science-project-1 and I am eligible to enroll in DSC 180A. | I96: D15 | J96: D12 | K96: D42 | L96: D41 | M96: D31
A97: 46188.766 | B97: tez002@ucsd.edu | C97: A18553017 | D97: Terence Zhang | F97: 186 | G97: 3.2 | H97: I certify that I have completed the pre-requisites listed at https://datascience.ucsd.edu/current-students/course-descriptions-and-prerequisites/#dsc-180a-data-science-project-1 and I am eligible to enroll in DSC 180A. | I97: D15 | J97: D21 | K97: D38 | L97: D28 | M97: D25 | N97: D34 | O97: D30 | P97: D23 | Q97: D14 | R97: D42
A98: 46191.539 | B98: omcfadden@ucsd.edu | C98: A17842934 | D98: Owen McFadden | E98: https://docs.google.com/document/d/1m_6w2jshW_L9DWLIbqm0CPbM6LYZzQozB7VL0pmuhVk/edit?tab=t.0#heading=h.sxrgyex1k567 | F98: 182 | G98: 3.702 | H98: I certify that I have completed the pre-requisites listed at https://datascience.ucsd.edu/current-students/course-descriptions-and-prerequisites/#dsc-180a-data-science-project-1 and I am eligible to enroll in DSC 180A. | I98: D15 | J98: D41 | K98: D02 | L98: D42 | M98: D44
A99: 46195.52 | B99: zcochran@ucsd.edu | C99: A17710650 | D99: Zach Cochran | E99: https://docs.google.com/document/d/1t2bryKaiHNX4lbiq1acFJZQLJE53A2fw8Y2Zww-_cWQ/edit?usp=sharing | F99: 174 | G99: 3.929 | H99: I certify that I have completed the pre-requisites listed at https://datascience.ucsd.edu/current-students/course-descriptions-and-prerequisites/#dsc-180a-data-science-project-1 and I am eligible to enroll in DSC 180A. | I99: D15 | J99: D06 | K99: D05 | L99: D02 | M99: D07
A100: 46195.949 | B100: jlc006@ucsd.edu | C100: A18562616 | D100: Janie Chan | E100: https://docs.google.com/document/d/1xHcSBfIRQ6GoaNUk1ExqDFSEFhRLnFrKOSvrQpHL4tY/edit?usp=sharing | F100: 172.5 | G100: 2.952 | H100: I certify that I have completed the pre-requisites listed at https://datascience.ucsd.edu/current-students/course-descriptions-and-prerequisites/#dsc-180a-data-science-project-1 and I am eligible to enroll in DSC 180A. | I100: D15 | J100: D01 | K100: D14 | L100: D05 | M100: D44 | N100: D25 | O100: D42 | P100: D43 | Q100: D19 | R100: D12
...

Sheet Mentor Choices
A1: Domain ID | B1: Mentors | C1: Capacity | D1: Student 1 | E1: Student 2 | F1: Student 3 | G1: Student 4 | H1: Student 5 | I1: Student 6 | J1: Student 7 | K1: Student 8 | L1: Student 9 | M1: Student 10 | N1: Student 11 | O1: Student 12
A2: D01 | B2: Ali Arsanjani | C2: 16
A3: D02 | B3: Aobo Li | C3: 5
A4: D03 | B4: Ben Smarr | C4: 4 | D4: A18592255 | E4: A17719081 | F4: A18513923 | G4: A17887951
A5: D04 | B5: Biwei Huang | C5: 8
A6: D05 | B6: Haojian Jin | C6: 12 | D6: A18566916 | E6: A18513923 | F6: A17886164 | G6: A18520711 | H6: A17853531 | I6: A17817280 | J6: A18542060 | K6: A18114647 | L6: A18113461 | M6: A18485962 | N6: A18112290 | O6: A17950464
A7: D06 | B7: Duncan Watson-Parris | C7: 8
A8: D07 | B8: Emily Aiken | C8: 6
A9: D08 | B9: Gabriel Garzo | C9: 8 | D9: A18505526 | E9: A18111807 | F9: A17718801 | G9: A18539554 | H9: A18609679 | I9: A18590715 | J9: A17855583 | K9: A17870464 | L9: A18605782 | M9: A18113311 | N9: A17920154 | O9: A17817145
A10: D09 | B10: Igor Sfiligoi | C10: 8 | D10: A18523157 | E10: A17912246 | F10: A18633375 | G10: A18321535 | H10: A19081559 | I10: A17853057 | J10: A17758046 | K10: A17886164 | L10: A18603940 | M10: A17787465 | N10: A17930477 | O10: A18616536
A11: D10 | B11: Igor Sfiligoi | C11: 8 | D11: A18603940 | E11: A18523157 | F11: A17987465 | G11: A17886164 | H11: A17711319 | I11: A18321535 | J11: A18554338 | K11: A18504223 | L11: A18112670 | M11: A17784761 | N11: A17929245 | O11: A17832678
A12: D11 | B12: Ilyes Meftah | C12: 8
A13: D12 | B13: Kyle Nero | C13: 12 | D13: A17768490 | E13: A18030348 | F13: A18127466 | G13: A18386039 | H13: A18116163 | I13: A17736930 | J13: A17810860 | K13: A16803192 | L13: A18529982 | M13: A17944500 | N13: A17949683 | O13: A17802231 | P13: A18247795 | Q13: A18592255
A14: D13 | B14: Mikio Aoi | C14: 8
A15: D14 | B15: Nathan Hui | C15: 5 | D15: A17869683 | E15: A17830583 | F15: A18115996 | G15: A17918188 | H15: A18113345 | I15: A17906305
A16: D15 | B16: Rayan Saab | C16: 7 | D16: A18112714 | E16: A18565063 | F16: A17710650 | G16: A18112703 | H16: A17842934 | I16: A17847114 | J16: A17929245
A17: D16 | B17: Rob Knight | C17: 8
A18: D17 | B18: Tauhidur Rahaman | C18: 8
A19: D18 | B19: Tiffany Amariuta | C19: 8 | D19: A17864314 | E19: A17475690 | F19: A18111889 | G19: A18523157 | H19: A18524674 | I19: A17987465
A20: D19 | B20: Victor Minces | C20: 6 | D20: A17880443 | E20: A17794419 | F20: A18552753 | G20: A17991929 | H20: A17906305 | I20: A18237194 | J20: A19190519
A21: D20 | B21: Alex Warstadt | C21: 6 | D21: A18113461 | E21: A17847578 | F21: A17860402 | G21: A17860402 | H21: A17772507 | I21: A18111272 | J21: A17813712 | K21: A17728266 | L21: A17784010 | M21: A17947443 | N21: A17807608 | O21: A18113311 | P21: A17920154
A22: D21 | B22: Armin Schwartzman | C22: 16 | D22: A18121534 | E22: A17906173 | F22: A17800006 | G22: A17781241 | H22: A18423915 | I22: A18555408 | J22: A17799160 | K22: A18485962 | L22: A18111272 | M22: A18520437 | N22: A17813712 | O22: A17827322 | P22: A17994070 | Q22: A18575891 | R22: A17911498 | S22: A17710282
A23: D22 | B23: Dmitriy Drusvyatskiy | C23: 0
A24: D23 | B24: Dusan Bosnjakovic | C24: 4 | D24: A18552804 | E24: A17855615 | F24: A17785865 | G24: A17858150
A25: D24 | B25: Haojian Jin | C25: 0
A26: D25 | B26: Jingbo Shang | C26: 4 | D26: A18113535 | E26: A18506253 | F26: A17921209 | G26: A17837620
A27: D26 | B27: Lily Weng | C27: 8
A28: D27 | B28: Misha Belkin | C28: 10
A29: D28 | B29: Ryan Lingo | C29: 12 | D29: A17903894 | E29: A17817280 | F29: A17884008 | G29: A17785865 | H29: A17960283 | I29: A17918188 | J29: A18562193 | K29: A18606977 | L29: A17836503 | M29: A19172216 | N29: A17807608 | O29: A17704905
A30: D29 | B30: Stuart Geiger | C30: 6
A31: D30 | B31: Tianhao Wang | C31: 8 | D31: A18235912 | E31: A17920946 | F31: A17919813 | G31: A18536011 | H31: A17874686 | I31: A17848067 | J31: A17715152 | K31: A17713463 | L31: A17816744 | M31: A17713463 | N31: A17785865 | O31: A18357580
A32: D31 | B32: Yoav Freund | C32: 4 | D32: A18585872 | E32: A18251274 | F32: A18219465 | G32: A18112290 | H32: A18282418 | I32: A17947443 | J32: A18555408
A33: D32 | B33: Yusu Wang | C33: 12
A34: D33 | B34: Babak Salimi | C34: 4 | D34: A17874686 | E34: A17922611 | F34: A18598144 | G34: A17713463 | H34: A17771842 | I34: A17798100
A35: D34 | B35: Hao Zhang | C35: 6
A36: D35 | B36: Rajesh Gupta | C36: 4
A37: D36 | B37: Renu Raman | C37: 4 | D37: A18603940 | E37: A17843999 | F37: A18566916 | G37: A17966871 | H37: A18546099 | I37: A18609679
A38: D37 | B38: Renu Raman | C38: 6 | D38: A17817280 | E38: A17735225 | F38: A18321535 | G38: A17747801 | H38: A17848688 | I38: A18112670 | J38: A18279028 | K38: A17884008 | L38: A17889532 | M38: A18565063
A39: D38 | B39: Zhijian Liu | C39: 8 | D39: A17855312 | E39: A18510359 | F39: A18114180 | G39: A18598144 | H39: A18110131 | I39: A17948928 | J39: A17957434 | K39: A18231714 | L39: A18235912 | M39: A17976167 | N39: A17787465 | O39: A17784761
A40: D39 | B40: Arya Mazumdar | C40: 8
A41: D40 | B41: Jun-kun Wang | C41: 4 | D41: A18536011 | E41: A17785797 | F41: A17994070
A42: D41 | B42: Peter Chi | C42: 8
A43: D42 | B43: Bijian Arbab | C43: 10 | D43: A17790946 | E43: A17458837 | F43: A19107573 | G43: A17906173 | H43: A17906305 | I43: A17748113 | J43: A18554338 | K43: A17869683 | L43: A18118085 | M43: A18198148 | N43: A17802231 | O43: A17920154
A44: D43 | B44: Reem Khojah | C44: 4
A45: D44 | B45: Robert Wilderman | C45: 8
A46: D45 | B46: Soohyun Liao | C46: 6

Sheet bydomain
A1: Domain ID | B1: Capacity | C1: Allocated | D1: Spares | E1: Mentor | F1: Students
A2: D01 | B2: 16 | C2: 16 | D2: =B2-C2 -> 0 | F2: Akshitaa Balasai, April Huang, Bobby Zhou, Derek Kuang, Ethan Lam, Grace Trainor, Hannah Gonzalez, Janice Rincon, Jordi Pham, Kyle Flores, Rezon Gautama, Saanvi Ranadive, Susana Haing, Vanessa Lau, Zachary Loo, Sonali Singh
A3: D02 | B3: 5 | C3: =IFERROR(__xludf.DUMMYFUNCTION("IF(F3="""", 0, COUNTA(SPLIT(F3, "","")))"),5.0) -> 5 | D3: =B3-C3 -> 0 | F3: Bryan Cruz, Hieu Nguyen, Madhav Pudukottai Krishnaraj, Ryan Conrad Atienza, Timothy Harmon
A4: D03 | B4: 4 | C4: =IFERROR(__xludf.DUMMYFUNCTION("IF(F4="""", 0, COUNTA(SPLIT(F4, "","")))"),4.0) -> 4 | D4: =B4-C4 -> 0 | F4: Alisha Wang, Brandon Van Horn, Matthew Vaught, Vivian Lin
A5: D04 | B5: 8 | C5: =IFERROR(__xludf.DUMMYFUNCTION("IF(F5="""", 0, COUNTA(SPLIT(F5, "","")))"),8.0) -> 8 | D5: =B5-C5 -> 0 | F5: Bryan Nguyen, Joey Sandoval, Juee Deshmukh, Kyle Zhao, Palina Volskaya, Scarlett Scott, Uzair Gheewala, Vani Sahjwani
A6: D05 | B6: 12 | C6: =IFERROR(__xludf.DUMMYFUNCTION("IF(F6="""", 0, COUNTA(SPLIT(F6, "","")))"),12.0) -> 12 | D6: =B6-C6 -> 0 | F6: Ali Ahmed, Claire Lee, Daniel Huang, David Chew, Jared Parra, Justin Lee, Keanu Ventura, Lillian Tran, Marvell Suhali, Matthew Justine Viray, Ryan Lee, Sharon Tey
A7: D06 | B7: 8 | C7: =IFERROR(__xludf.DUMMYFUNCTION("IF(F7="""", 0, COUNTA(SPLIT(F7, "","")))"),8.0) -> 8 | D7: =B7-C7 -> 0 | F7: Annaly Ellis, Cheryl Xiang, Coleman Clougherty, Coltrane Gowan, Jennifer Chang, Linus Lee, Roman Respicio, Vishal Rana Paidi
A8: D07 | B8: 6 | C8: =IFERROR(__xludf.DUMMYFUNCTION("IF(F8="""", 0, COUNTA(SPLIT(F8, "","")))"),6.0) -> 6 | D8: =B8-C8 -> 0 | F8: Margot Nissen, Maya Sissel, Mieko Chun, Prisha Maiti, Simone Rao, Su Love Wai
A9: D08 | B9: 8 | C9: =IFERROR(__xludf.DUMMYFUNCTION("IF(F9="""", 0, COUNTA(SPLIT(F9, "","")))"),8.0) -> 8 | D9: =B9-C9 -> 0 | F9: Audrey Chung, Gabriel Maayah, Kang Lee, Kate Feng, Keilani Li, Siya Sathaye, Tiantian Zheng, Tristan Leo
A10: D09 | B10: 8 | C10: =IFERROR(__xludf.DUMMYFUNCTION("IF(F10="""", 0, COUNTA(SPLIT(F10, "","")))"),8.0) -> 8 | D10: =B10-C10 -> 0 | F10: Ahmad Ageel, Dariy Marshaev, Dylan Vo, Junle Li, Khaleel Karim, Marcelo Arcos, Rohan Raval, Zonglin Zhang
A11: D10 | B11: 8 | C11: =IFERROR(__xludf.DUMMYFUNCTION("IF(F11="""", 0, COUNTA(SPLIT(F11, "","")))"),7.0) -> 7 | D11: =B11-C11 -> 1 | F11: Aryan Nath, Jaden Goelkel, Jay Manjrekar, Joseph Calderon, Ketan Mittal, Ryan Lindberg, Sweekrit Bhatnagar
A12: D11 | B12: 8 | C12: =IFERROR(__xludf.DUMMYFUNCTION("IF(F12="""", 0, COUNTA(SPLIT(F12, "","")))"),8.0) -> 8 | D12: =B12-C12 -> 0 | F12: Aarshia Gupta, Clayton Tan, Dhruv Sehgal, Dylan Louie, Emily Yip, Erika Tong, Kaushik Agastyaraju, Yutao Lin
A13: D12 | B13: 12 | C13: =IFERROR(__xludf.DUMMYFUNCTION("IF(F13="""", 0, COUNTA(SPLIT(F13, "","")))"),12.0) -> 12 | D13: =B13-C13 -> 0 | F13: Aiden Lai, Huiyu Yie, Ishaan Tibdewal, Jack Ding, Katie Hannigan, Liuxuhong Zhao, Michael Petersen, Sam Ouyang, Song Su, Steven Ouyang, Vanessa Feng, Zilig Xu
A14: D13 | B14: 8 | C14: 8 | D14: =B14-C14 -> 0 | F14: Antony Munkhchuluun, Audrey Meredith, Hansel Puthenparambil, Kevin Zhu, Lyn Mansfield, Matthew Lee, Taejun Park, Trinity Truong
A15: D14 | B15: 5 | C15: =IFERROR(__xludf.DUMMYFUNCTION("IF(F15="""", 0, COUNTA(SPLIT(F15, "","")))"),5.0) -> 5 | D15: =B15-C15 -> 0 | F15: Elvin Chen, Jocelyn Miao, Munachimso Ndubisi, Rocio Saez Aguirre, Summer Garvais
A16: D15 | B16: 8 | C16: =IFERROR(__xludf.DUMMYFUNCTION("IF(F16="""", 0, COUNTA(SPLIT(F16, "","")))"),8.0) -> 8 | D16: =B16-C16 -> 0 | F16: Aarav Agrawal, Adrian Kong, Chidiebere Agunanne, Owen McFadden, Siddhartha Sarvepally, Ty Albao, Zach Cochran, Dylan Cheng
A17: D16 | B17: 8 | C17: =IFERROR(__xludf.DUMMYFUNCTION("IF(F17="""", 0, COUNTA(SPLIT(F17, "","")))"),7.0) -> 7 | D17: =B17-C17 -> 1 | F17: Claire Wang, Jonathan Yepez, Junran Yang, Nicholas Chan, Ruofei Mao, Sahana Rangan, Terran Chow
A18: D17 | B18: 8 | C18: 9 | D18: =B18-C18 -> -1 | F18: Bryan Zhang, Cheng-I Lin, Claire Tu, Colin Tran, Haoshuo Bi, Jacob Doan, Jeremy Cho, Yi-Hsuan Kuo, Po-Chen Lin
A19: D18 | B19: 8 | C19: =IFERROR(__xludf.DUMMYFUNCTION("IF(F19="""", 0, COUNTA(SPLIT(F19, "","")))"),8.0) -> 8 | D19: =B19-C19 -> 0 | F19: Abdulrahim Ham, Borngreat Omoma-Edosa, Grace Chen, Jared Wang, Krish Desai, Sana Gupta, Tori Nguyen, Ziyan Liu
A20: D19 | B20: 6 | C20: =IFERROR(__xludf.DUMMYFUNCTION("IF(F20="""", 0, COUNTA(SPLIT(F20, "","")))"),6.0) -> 6 | D20: =B20-C20 -> 0 | F20: Acelynn Qiao, Leonard Malott, Minyoung Kim, Sahar Zahir, Viela Lansangan, Yadushan Thillainathan
A21: D20 | B21: 6 | C21: =IFERROR(__xludf.DUMMYFUNCTION("IF(F21="""", 0, COUNTA(SPLIT(F21, "","")))"),5.0) -> 5 | D21: =B21-C21 -> 1 | F21: Esther Chung, Jason Liu, Karthik Sankaran, Michelle Hong, Samson Wan
A22: D21 | B22: 16 | C22: =IFERROR(__xludf.DUMMYFUNCTION("IF(F22="""", 0, COUNTA(SPLIT(F22, "","")))"),16.0) -> 16 | D22: =B22-C22 -> 0 | F22: Abhi Sathvika Goriparthy, Alex Frederick, Atherv Vidhate, Gavin Wu, Genevieve Selsor, Jeremy Cheng, Jonathan Yim, Kimi Chen, Pranav Rajaram, Preethi Manne, Terry Su, Tony Bai, Vincent Cho, Xiao Cheng, Yidong Shi, Zubin Sannakkayala
A23: D22 | B23: 0 | C23: =IFERROR(__xludf.DUMMYFUNCTION("IF(F23="""", 0, COUNTA(SPLIT(F23, "","")))"),0.0) -> 0 | D23: =B23-C23 -> 0
A24: D23 | B24: 4 | C24: =IFERROR(__xludf.DUMMYFUNCTION("IF(F24="""", 0, COUNTA(SPLIT(F24, "","")))"),4.0) -> 4 | D24: =B24-C24 -> 0 | F24: Ishaan Gosain, Ivan Chen, Jiya Makhija, Sophia Vo
A25: D24 | B25: 0 | C25: =IFERROR(__xludf.DUMMYFUNCTION("IF(F25="""", 0, COUNTA(SPLIT(F25, "","")))"),0.0) -> 0 | D25: =B25-C25 -> 0
A26: D25 | B26: 4 | C26: =IFERROR(__xludf.DUMMYFUNCTION("IF(F26="""", 0, COUNTA(SPLIT(F26, "","")))"),5.0) -> 5 | D26: =B26-C26 -> -1 | F26: Akshay Uppal, Edwards Tong, Kangxin Peng, Yonghao Wang, Jingwen Gu
A27: D26 | B27: 8 | C27: =IFERROR(__xludf.DUMMYFUNCTION("IF(F27="""", 0, COUNTA(SPLIT(F27, "","")))"),8.0) -> 8 | D27: =B27-C27 -> 0 | F27: Amrutha Potluri, Dylan Craver, Dylan Dsouza, Julia Dial, Keith Gong, Pratham Aggarwal, Ritvik Chand, Zhuang Mingrui
A28: D27 | B28: 10 | C28: =IFERROR(__xludf.DUMMYFUNCTION("IF(F28="""", 0, COUNTA(SPLIT(F28, "","")))"),10.0) -> 10 | D28: =B28-C28 -> 0 | F28: Amjad Faiz Bin Muhamad Afandy, Flavia Gabriella Tedjarutjianta, Gabriel Tedja, Hasaam Butt, Janie Chan, Mohak Prakash, Prabhjas Singh, Qi Zhang, Shunyi Du, Sonali Singh
A29: D28 | B29: 12 | C29: =IFERROR(__xludf.DUMMYFUNCTION("IF(F29="""", 0, COUNTA(SPLIT(F29, "","")))"),12.0) -> 12 | D29: =B29-C29 -> 0 | F29: Aarushi Jain, Brian Jing, Chinmay Bharambe, Daniel Budidharma, Henry Liu, Katie Moc, Raghav Dewangan, Royce Nguyen, Ryan Tang, Shawn Cheng, Turki Alrasheed, Viki Shi
A30: D29 | B30: 6 | C30: =IFERROR(__xludf.DUMMYFUNCTION("IF(F30="""", 0, COUNTA(SPLIT(F30, "","")))"),6.0) -> 6 | D30: =B30-C30 -> 0 | F30: Amelia Wong, Arushi Patra, Mythri Kishore, Nayana Naineni, Sumedha Rai, Vanshika Somani
A31: D30 | B31: 8 | C31: =IFERROR(__xludf.DUMMYFUNCTION("IF(F31="""", 0, COUNTA(SPLIT(F31, "","")))"),8.0) -> 8 | D31: =B31-C31 -> 0 | F31: Alexander Kuo, Daniel Phan, Edison Ayran, Fiona Zou, Jiahe Qin, Praveen Sharma, Terence Zhang, Wanchen Yang
A32: D31 | B32: 4 | C32: =IFERROR(__xludf.DUMMYFUNCTION("IF(F32="""", 0, COUNTA(SPLIT(F32, "","")))"),4.0) -> 4 | D32: =B32-C32 -> 0 | F32: Andrew Chen, Saisohan Shingade, Surya Setty, Uday Lingampalli
A33: D32 | B33: 12 | C33: =IFERROR(__xludf.DUMMYFUNCTION("IF(F33="""", 0, COUNTA(SPLIT(F33, "","")))"),13.0) -> 13 | D33: =B33-C33 -> -1 | F33: Aathi Muthu, Anand Baidya, Andrew Youn, Brian Can, Haowen Zhang, Jaden Vo, Nimisha Mishra, Po-Hua Chen, Shiv Mehta, Vedant Vardhaan, Vishudh Shah, Zhixiang Zhang, Evelyn Zhang
A34: D33 | B34: 8 | C34: 8 | D34: =B34-C34 -> 0 | F34: Divyansh Kanodia, Kavyan Patel, Kevin Zhang, Ved Panse, Noah Golder, Michael Luo, Ananya Wasker, Vipra Bindal
A35: D34 | B35: 0 | C35: =IFERROR(__xludf.DUMMYFUNCTION("IF(F35="""", 0, COUNTA(SPLIT(F35, "","")))"),0.0) -> 0 | D35: =B35-C35 -> 0
A36: D35 | B36: 4 | C36: =IFERROR(__xludf.DUMMYFUNCTION("IF(F36="""", 0, COUNTA(SPLIT(F36, "","")))"),4.0) -> 4 | D36: =B36-C36 -> 0 | F36: Leo Wiemelt, Lucien Hsiao, Neil Dewan, Zihan Zhang
A37: D36 | B37: 4 | C37: =IFERROR(__xludf.DUMMYFUNCTION("IF(F37="""", 0, COUNTA(SPLIT(F37, "","")))"),4.0) -> 4 | D37: =B37-C37 -> 0 | F37: Casey So, Mehul Verma, Rakshan Patnaik, Tejas Mani
A38: D37 | B38: 6 | C38: =IFERROR(__xludf.DUMMYFUNCTION("IF(F38="""", 0, COUNTA(SPLIT(F38, "","")))"),6.0) -> 6 | D38: =B38-C38 -> 0 | F38: Deepal Deleena, Jacob Kavanal, Lakshmi Manasa Maddi, Mianzhi Hu, Vaidehi Karve, Victor Chen
A39: D38 | B39: 8 | C39: =IFERROR(__xludf.DUMMYFUNCTION("IF(F39="""", 0, COUNTA(SPLIT(F39, "","")))"),10.0) -> 10 | D39: =B39-C39 -> -2 | F39: Alan Xia, Alexander Takamoto, Brian Liu, Edward Zhang, Issac Roy, Maggie Zhang, Philip Chen, Yash Tandon, Chentao Gong, Anirudh Annabathula
A40: D39 | B40: 8 | C40: =IFERROR(__xludf.DUMMYFUNCTION("IF(F40="""", 0, COUNTA(SPLIT(F40, "","")))"),8.0) -> 8 | D40: =B40-C40 -> 0 | F40: Abhinav Chinnam, Ganesh Kumarappan, Jayden Li, Kenji Gunawan, Nuraiym Mirbekova, Raffi Dulgerian, Rishvik Ravi, Aditya Kakarla
A41: D40 | B41: 4 | C41: =IFERROR(__xludf.DUMMYFUNCTION("IF(F41="""", 0, COUNTA(SPLIT(F41, "","")))"),4.0) -> 4 | D41: =B41-C41 -> 0 | F41: Yaqub Mir, Willem De Haan, Gabriel Borjas-Perez, Jenny Xu
A42: D41 | B42: 8 | C42: =IFERROR(__xludf.DUMMYFUNCTION("IF(F42="""", 0, COUNTA(SPLIT(F42, "","")))"),8.0) -> 8 | D42: =B42-C42 -> 0 | F42: Edmond Yang, Karina Zambani, Kyle Duong, Nithya Nair, Rose Park, Salina Tang, Waleed Alshakhshir, William Chou
A43: D42 | B43: 10 | C43: =IFERROR(__xludf.DUMMYFUNCTION("IF(F43="""", 0, COUNTA(SPLIT(F43, "","")))"),10.0) -> 10 | D43: =B43-C43 -> 0 | F43: Adit Gautam, Alyxandrea Wikarsa, Andrew Kim, Calvin Truong, Cedric Jeng, Christian Kumagai, Faline Le, Kai Arizabal, Moniriddh Bunyay, Shant Guedekelian
A44: D43 | B44: 4 | C44: =IFERROR(__xludf.DUMMYFUNCTION("IF(F44="""", 0, COUNTA(SPLIT(F44, "","")))"),4.0) -> 4 | D44: =B44-C44 -> 0 | F44: Amy Zhao, Eric Gan, Nicolas Toon, Ricki Chen
A45: D44 | B45: 8 | C45: =IFERROR(__xludf.DUMMYFUNCTION("IF(F45="""", 0, COUNTA(SPLIT(F45, "","")))"),8.0) -> 8 | D45: =B45-C45 -> 0 | F45: Ansh Bhatnagar, Chang-Yu Lee, Jayden Huang, Jeronimo Adames-Baena, Mihir Vad, Shujia Chen, Sunny Sun, Varick Hasim
A46: D45 | B46: 4 | C46: 0 | D46: 4
B47: =SUM(B2:B46) -> 320 | C47: =SUM(C2:C46) -> 318 | D47: =B47-C47 -> 2

Sheet bystudent
A1: PID | B1: TSN | C1: Name | D1: Email | E1: Domain ID | F1: Mentor | G1: Whether Enrolled
A2: A17372335 | B2: {=index(PIDtoTSN!E:E, match(A2, PIDtoTSN!A:A, 0))} -> 200224596 | C2: Amjad Faiz Bin Muhamad Afandy | D2: amuhamadafandy@ucsd.edu | E2: D27 | F2: {=index('Mentor Choices'!B:B, match(E2, 'Mentor Choices'!A:A, 0))} -> Misha Belkin | G2: =IF(COUNTIF(Sept16!C:C, B2) > 0, "yes", "no") -> no
A3: A17475690 | B3: {=index(PIDtoTSN!E:E, match(A3, PIDtoTSN!A:A, 0))} -> 200212751 | C3: Grace Chen | D3: gmc001@ucsd.edu | E3: D18 | F3: {=index('Mentor Choices'!B:B, match(E3, 'Mentor Choices'!A:A, 0))} -> Tiffany Amariuta | G3: =IF(COUNTIF(Sept16!C:C, B3) > 0, "yes", "no") -> no
A4: A17709547 | B4: {=index(PIDtoTSN!E:E, match(A4, PIDtoTSN!A:A, 0))} -> 200183812 | C4: Matthew Lee | D4: mal060@ucsd.edu | E4: D13 | F4: {=index('Mentor Choices'!B:B, match(E4, 'Mentor Choices'!A:A, 0))} -> Mikio Aoi | G4: =IF(COUNTIF(Sept16!C:C, B4) > 0, "yes", "no") -> no
A5: A17710650 | B5: {=index(PIDtoTSN!E:E, match(A5, PIDtoTSN!A:A, 0))} -> 200183972 | C5: Zach Cochran | D5: zcochran@ucsd.edu | E5: D15 | F5: {=index('Mentor Choices'!B:B, match(E5, 'Mentor Choices'!A:A, 0))} -> Rayan Saab | G5: =IF(COUNTIF(Sept16!C:C, B5) > 0, "yes", "no") -> no
A6: A17768490 | B6: {=index(PIDtoTSN!E:E, match(A6, PIDtoTSN!A:A, 0))} -> 200173831 | C6: Song Su | D6: sosu@ucsd.edu | E6: D12 | F6: {=index('Mentor Choices'!B:B, match(E6, 'Mentor Choices'!A:A, 0))} -> Kyle Nero | G6: =IF(COUNTIF(Sept16!C:C, B6) > 0, "yes", "no") -> no
A7: A17900594 | B7: {=index(PIDtoTSN!E:E, match(A7, PIDtoTSN!A:A, 0))} -> 200150496 | C7: Bryan Zhang | D7: brzhang@ucsd.edu | E7: D17 | F7: {=index('Mentor Choices'!B:B, match(E7, 'Mentor Choices'!A:A, 0))} -> Tauhidur Rahaman | G7: =IF(COUNTIF(Sept16!C:C, B7) > 0, "yes", "no") -> no
A8: A17912246 | B8: {=index(PIDtoTSN!E:E, match(A8, PIDtoTSN!A:A, 0))} -> 200152388 | C8: Marcelo Arcos | D8: marcos@ucsd.edu | E8: D09 | F8: {=index('Mentor Choices'!B:B, match(E8, 'Mentor Choices'!A:A, 0))} -> Igor Sfiligoi | G8: =IF(COUNTIF(Sept16!C:C, B8) > 0, "yes", "no") -> no
A9: A18251274 | B9: {=index(PIDtoTSN!E:E, match(A9, PIDtoTSN!A:A, 0))} -> 200092842 | C9: Timothy Harmon | D9: t2harmon@ucsd.edu | E9: D02 | F9: {=index('Mentor Choices'!B:B, match(E9, 'Mentor Choices'!A:A, 0))} -> Aobo Li | G9: =IF(COUNTIF(Sept16!C:C, B9) > 0, "yes", "no") -> no
A10: A18274026 | B10: {=index(PIDtoTSN!E:E, match(A10, PIDtoTSN!A:A, 0))} -> 200089500 | C10: Krish Desai | D10: ksdesai@ucsd.edu | E10: D18 | F10: {=index('Mentor Choices'!B:B, match(E10, 'Mentor Choices'!A:A, 0))} -> Tiffany Amariuta | G10: =IF(COUNTIF(Sept16!C:C, B10) > 0, "yes", "no") -> no
A11: A18509617 | B11: {=index(PIDtoTSN!E:E, match(A11, PIDtoTSN!A:A, 0))} -> 200052943 | C11: Marvell Suhali | D11: msuhali@ucsd.edu | E11: D05 | F11: {=index('Mentor Choices'!B:B, match(E11, 'Mentor Choices'!A:A, 0))} -> Haojian Jin | G11: =IF(COUNTIF(Sept16!C:C, B11) > 0, "yes", "no") -> no
A12: A18521431 | B12: {=index(PIDtoTSN!E:E, match(A12, PIDtoTSN!A:A, 0))} -> 200048174 | C12: Claire Tu | D12: c7tu@ucsd.edu | E12: D17 | F12: {=index('Mentor Choices'!B:B, match(E12, 'Mentor Choices'!A:A, 0))} -> Tauhidur Rahaman | G12: =IF(COUNTIF(Sept16!C:C, B12) > 0, "yes", "no") -> no
A13: A18548215 | B13: {=index(PIDtoTSN!E:E, match(A13, PIDtoTSN!A:A, 0))} -> 200046453 | C13: Rose Park | D13: sep032@ucsd.edu | E13: D41 | F13: {=index('Mentor Choices'!B:B, match(E13, 'Mentor Choices'!A:A, 0))} -> Peter Chi | G13: =IF(COUNTIF(Sept16!C:C, B13) > 0, "yes", "no") -> no
... A15: A18639524 | B15: {=index(PIDtoTSN!E:E, match(A15, PIDtoTSN!A:A, 0))} -> 200021549 | C15: Rishvik Ravi | D15: r4ravi@ucsd.edu | E15: D39 | F15: {=index('Mentor Choices'!B:B, match(E15, 'Mentor Choices'!A:A, 0))} -> Arya Mazumdar | G15: =IF(COUNTIF(Sept16!C:C, B15) > 0, "yes", "no") -> no
B16: 200024478 | C16: Vipra Bindal | D16: vbindal@ucsd.edu | E16: D33 | F16: {=index('Mentor Choices'!B:B, match(E16, 'Mentor Choices'!A:A, 0))} -> Babak Salimi | G16: =IF(COUNTIF(Sept16!C:C, B16) > 0, "yes", "no") -> no
A17: A17710282 | B17: {=index(PIDtoTSN!E:E, match(A17, PIDtoTSN!A:A, 0))} -> 200183921 | C17: Antony Munkhchuluun | D17: emunkhchuluun@ucsd.edu | E17: D13 | F17: {=index('Mentor Choices'!B:B, match(E17, 'Mentor Choices'!A:A, 0))} -> Mikio Aoi | G17: =IF(COUNTIF(Sept16!C:C, B17) > 0, "yes", "no") -> no
A18: A17919813 | B18: {=index(PIDtoTSN!E:E, match(A18, PIDtoTSN!A:A, 0))} -> 200147555 | C18: Praveen Sharma | D18: p4sharma@ucsd.edu | E18: D30 | F18: {=index('Mentor Choices'!B:B, match(E18, 'Mentor Choices'!A:A, 0))} -> Tianhao Wang | G18: =IF(COUNTIF(Sept16!C:C, B18) > 0, "yes", "no") -> no
A19: A17922611 | B19: {=index(PIDtoTSN!E:E, match(A19, PIDtoTSN!A:A, 0))} -> 200147889 | C19: Divyansh Kanodia | D19: dkanodia@ucsd.edu | E19: D33 | F19: {=index('Mentor Choices'!B:B, match(E19, 'Mentor Choices'!A:A, 0))} -> Babak Salimi | G19: =IF(COUNTIF(Sept16!C:C, B19) > 0, "yes", "no") -> no
A20: A17948928 | B20: {=index(PIDtoTSN!E:E, match(A20, PIDtoTSN!A:A, 0))} -> 200144995 | C20: Yash Tandon | D20: ytandon@ucsd.edu | E20: D38 | F20: {=index('Mentor Choices'!B:B, match(E20, 'Mentor Choices'!A:A, 0))} -> Zhijian Liu | G20: =IF(COUNTIF(Sept16!C:C, B20) > 0, "yes", "no") -> no
A21: A18110768 | B21: {=index(PIDtoTSN!E:E, match(A21, PIDtoTSN!A:A, 0))} -> 200121619 | C21: Amy Zhao | D21: amz004@ucsd.edu | E21: D43 | F21: {=index('Mentor Choices'!B:B, match(E21, 'Mentor Choices'!A:A, 0))} -> Reem Khojah | G21: =IF(COUNTIF(Sept16!C:C, B21) > 0, "yes", "no") -> no
A22: A18585872 | B22: {=index(PIDtoTSN!E:E, match(A22, PIDtoTSN!A:A, 0))} -> 200032924 | C22: Saisohan Shingade | D22: sshingade@ucsd.edu | E22: D31 | F22: {=index('Mentor Choices'!B:B, match(E22, 'Mentor Choices'!A:A, 0))} -> Yoav Freund | G22: =IF(COUNTIF(Sept16!C:C, B22) > 0, "yes", "no") -> no
A23: A17886164 | B23: {=index(PIDtoTSN!E:E, match(A23, PIDtoTSN!A:A, 0))} -> 200154571 | C23: Ryan Tjenalooi | D23: rtjenalooi@ucsd.edu | F23: {=index('Mentor Choices'!B:B, match(E23, 'Mentor Choices'!A:A, 0))} -> #N/A | G23: WILL NOT ENROLL
A24: A18279028 | B24: {=index(PIDtoTSN!E:E, match(A24, PIDtoTSN!A:A, 0))} -> 200090248 | C24: Mianzhi Hu | D24: mih037@ucsd.edu | F24: {=index('Mentor Choices'!B:B, match(E24, 'Mentor Choices'!A:A, 0))} -> #N/A | G24: WILL NOT ENROLL
A25: A18584973 | B25: {=index(PIDtoTSN!E:E, match(A25, PIDtoTSN!A:A, 0))} -> 200032724 | C25: Moniriddh Bunyay | D25: mbunyay@ucsd.edu | F25: {=index('Mentor Choices'!B:B, match(E25, 'Mentor Choices'!A:A, 0))} -> #N/A | G25: WILL NOT ENROLL
A26: A19160671 | B26: {=index(PIDtoTSN!E:E, match(A26, PIDtoTSN!A:A, 0))} -> 200330225 | C26: Nuraiym Mirbekova | D26: nmirbekova@ucsd.edu | F26: {=index('Mentor Choices'!B:B, match(E26, 'Mentor Choices'!A:A, 0))} -> #N/A | G26: WILL NOT ENROLL
A27: A17814224 | B27: 200168572 | C27: Vishudh Shah | D27: v8shah@ucsd.edu | E27: D32 | F27: {=index('Mentor Choices'!B:B, match(E27, 'Mentor Choices'!A:A, 0))} -> Yusu Wang | G27: =IF(COUNTIF(Sept16!C:C, B27) > 0, "yes", "no") -> yes
A28: A17836503 | B28: 200165827 | C28: Henry Liu | D28: hel044@ucsd.edu | E28: D28 | F28: {=index('Mentor Choices'!B:B, match(E28, 'Mentor Choices'!A:A, 0))} -> Ryan Lingo | G28: =IF(COUNTIF(Sept16!C:C, B28) > 0, "yes", "no") -> yes
A29: A17944500 | B29: {=index(PIDtoTSN!E:E, match(A29, PIDtoTSN!A:A, 0))} -> 200144405 | C29: Steven Ouyang | D29: houyang@ucsd.edu | E29: D12 | F29: {=index('Mentor Choices'!B:B, match(E29, 'Mentor Choices'!A:A, 0))} -> Kyle Nero | G29: =IF(COUNTIF(Sept16!C:C, B29) > 0, "yes", "no") -> yes
A30: A17998422 | B30: 200137537 | C30: Kenji Gunawan | D30: kegunawan@ucsd.edu | E30: D39 | F30: {=index('Mentor Choices'!B:B, match(E30, 'Mentor Choices'!A:A, 0))} -> Arya Mazumdar | G30: =IF(COUNTIF(Sept16!C:C, B30) > 0, "yes", "no") -> yes
A31: A18116163 | B31: {=index(PIDtoTSN!E:E, match(A31, PIDtoTSN!A:A, 0))} -> 200114926 | C31: Vanessa Feng | D31: l6feng@ucsd.edu | E31: D12 | F31: {=index('Mentor Choices'!B:B, match(E31, 'Mentor Choices'!A:A, 0))} -> Kyle Nero | G31: =IF(COUNTIF(Sept16!C:C, B31) > 0, "yes", "no") -> yes
A32: A18131111 | B32: 200117610 | C32: Evelyn Zhang | D32: yuz271@ucsd.edu | E32: D32 | F32: Yusu Wang | G32: =IF(COUNTIF(Sept16!C:C, B32) > 0, "yes", "no") -> yes
A33: A18519207 | B33: {=index(PIDtoTSN!E:E, match(A33, PIDtoTSN!A:A, 0))} -> 200047647 | C33: Jacob Kavanal | D33: jkavanal@ucsd.edu | E33: D37 | F33: {=index('Mentor Choices'!B:B, match(E33, 'Mentor Choices'!A:A, 0))} -> Renu Raman | G33: =IF(COUNTIF(Sept16!C:C, B33) > 0, "yes", "no") -> yes
A34: A16803192 | B34: {=index(PIDtoTSN!E:E, match(A34, PIDtoTSN!A:A, 0))} -> 200293399 | C34: Michael Petersen | D34: m1petersen@ucsd.edu | E34: D12 | F34: {=index('Mentor Choices'!B:B, match(E34, 'Mentor Choices'!A:A, 0))} -> Kyle Nero | G34: =IF(COUNTIF(Sept16!C:C, B34) > 0, "yes", "no") -> yes
A35: A17407878 | B35: {=index(PIDtoTSN!E:E, match(A35, PIDtoTSN!A:A, 0))} -> 200219387 | C35: Uzair Gheewala | D35: ugheewala@ucsd.edu | E35: D04 | F35: {=index('Mentor Choices'!B:B, match(E35, 'Mentor Choices'!A:A, 0))} -> Biwei Huang | G35: =IF(COUNTIF(Sept16!C:C, B35) > 0, "yes", "no") -> yes
A36: A17432350 | B36: {=index(PIDtoTSN!E:E, match(A36, PIDtoTSN!A:A, 0))} -> 200217277 | C36: Vanshika Somani | D36: vsomani@ucsd.edu | E36: D29 | F36: {=index('Mentor Choices'!B:B, match(E36, 'Mentor Choices'!A:A, 0))} -> Stuart Geiger | G36: =IF(COUNTIF(Sept16!C:C, B36) > 0, "yes", "no") -> yes
A37: A17458837 | B37: {=index(PIDtoTSN!E:E, match(A37, PIDtoTSN!A:A, 0))} -> 200215713 | C37: Faline Le | D37: fnle@ucsd.edu | E37: D42 | F37: {=index('Mentor Choices'!B:B, match(E37, 'Mentor Choices'!A:A, 0))} -> Bijian Arbab | G37: =IF(COUNTIF(Sept16!C:C, B37) > 0, "yes", "no") -> yes
A38: A17500501 | B38: {=index(PIDtoTSN!E:E, match(A38, PIDtoTSN!A:A, 0))} -> 200210305 | C38: Ahmad Ageel | D38: aageel@ucsd.edu | E38: D09 | F38: {=index('Mentor Choices'!B:B, match(E38, 'Mentor Choices'!A:A, 0))} -> Igor Sfiligoi | G38: =IF(COUNTIF(Sept16!C:C, B38) > 0, "yes", "no") -> yes
A39: A17531851 | B39: {=index(PIDtoTSN!E:E, match(A39, PIDtoTSN!A:A, 0))} -> 200208439 | C39: Abdulrahim Ham | D39: amham@ucsd.edu | E39: D18 | F39: {=index('Mentor Choices'!B:B, match(E39, 'Mentor Choices'!A:A, 0))} -> Tiffany Amariuta | G39: =IF(COUNTIF(Sept16!C:C, B39) > 0, "yes", "no") -> yes
A40: A17704905 | B40: {=index(PIDtoTSN!E:E, match(A40, PIDtoTSN!A:A, 0))} -> 200183188 | C40: Viki Shi | D40: vishi@ucsd.edu | E40: D28 | F40: {=index('Mentor Choices'!B:B, match(E40, 'Mentor Choices'!A:A, 0))} -> Ryan Lingo | G40: =IF(COUNTIF(Sept16!C:C, B40) > 0, "yes", "no") -> yes
A41: A17710940 | B41: {=index(PIDtoTSN!E:E, match(A41, PIDtoTSN!A:A, 0))} -> 200184024 | C41: Mohak Prakash | D41: mprakash@ucsd.edu | E41: D27 | F41: {=index('Mentor Choices'!B:B, match(E41, 'Mentor Choices'!A:A, 0))} -> Misha Belkin | G41: =IF(COUNTIF(Sept16!C:C, B41) > 0, "yes", "no") -> yes
A42: A17711319 | B42: {=index(PIDtoTSN!E:E, match(A42, PIDtoTSN!A:A, 0))} -> 200184100 | C42: Ketan Mittal | D42: k1mittal@ucsd.edu | E42: D10 | F42: {=index('Mentor Choices'!B:B, match(E42, 'Mentor Choices'!A:A, 0))} -> Igor Sfiligoi | G42: =IF(COUNTIF(Sept16!C:C, B42) > 0, "yes", "no") -> yes
A43: A17713463 | B43: {=index(PIDtoTSN!E:E, match(A43, PIDtoTSN!A:A, 0))} -> 200184381 | C43: Ved Panse | D43: vpanse@ucsd.edu | E43: D33 | F43: {=index('Mentor Choices'!B:B, match(E43, 'Mentor Choices'!A:A, 0))} -> Babak Salimi | G43: =IF(COUNTIF(Sept16!C:C, B43) > 0, "yes", "no") -> yes
A44: A17715152 | B44: {=index(PIDtoTSN!E:E, match(A44, PIDtoTSN!A:A, 0))} -> 200184541 | C44: Lyn Mansfield | D44: imansfield@ucsd.edu | E44: D13 | F44: {=index('Mentor Choices'!B:B, match(E44, 'Mentor Choices'!A:A, 0))} -> Mikio Aoi | G44: =IF(COUNTIF(Sept16!C:C, B44) > 0, "yes", "no") -> yes
... A75: A17787465 | B75: {=index(PIDtoTSN!E:E, match(A75, PIDtoTSN!A:A, 0))} -> 200170572 | C75: Issac Roy | D75: iroy@ucsd.edu | E75: D38 | F75: {=index('Mentor Choices'!B:B, match(E75, 'Mentor Choices'!A:A, 0))} -> Zhijian Liu | G75: =IF(COUNTIF(Sept16!C:C, B75) > 0, "yes", "no") -> yes
A76: A17790946 | B76: 200171055 | C76: Kai Arizabal | D76: karizabal19@gmail.com | E76: D42 | F76: {=index('Mentor Choices'!B:B, match(E76, 'Mentor Choices'!A:A, 0))} -> Bijian Arbab | G76: =IF(COUNTIF(Sept16!C:C, B76) > 0, "yes", "no") -> yes
A77: A17793749 | B77: {=index(PIDtoTSN!E:E, match(A77, PIDtoTSN!A:A, 0))} -> 200171563 | C77: April Huang | D77: aphuang@ucsd.edu | E77: D01 | F77: {=index('Mentor Choices'!B:B, match(E77, 'Mentor Choices'!A:A, 0))} -> Ali Arsanjani | G77: =IF(COUNTIF(Sept16!C:C, B77) > 0, "yes", "no") -> yes
A78: A17794419 | B78: {=index(PIDtoTSN!E:E, match(A78, PIDtoTSN!A:A, 0))} -> 200171712 | C78: Viela Lansangan | D78: vlansangan@ucsd.edu | E78: D19 | F78: {=index('Mentor Choices'!B:B, match(E78, 'Mentor Choices'!A:A, 0))} -> Victor Minces | G78: =IF(COUNTIF(Sept16!C:C, B78) > 0, "yes", "no") -> yes
A79: A17798100 | B79: {=index(PIDtoTSN!E:E, match(A79, PIDtoTSN!A:A, 0))} -> 200165952 | C79: Amrutha Potluri | D79: apotluri@ucsd.edu | E79: D26 | F79: {=index('Mentor Choices'!B:B, match(E79, 'Mentor Choices'!A:A, 0))} -> Lily Weng | G79: =IF(COUNTIF(Sept16!C:C, B79) > 0, "yes", "no") -> yes
A80: A17799139 | B80: {=index(PIDtoTSN!E:E, match(A80, PIDtoTSN!A:A, 0))} -> 200166124 | C80: Ethan Lam | D80: e7lam@ucsd.edu | E80: D01 | F80: {=index('Mentor Choices'!B:B, match(E80, 'Mentor Choices'!A:A, 0))} -> Ali Arsanjani | G80: =IF(COUNTIF(Sept16!C:C, B80) > 0, "yes", "no") -> yes
A81: A17799160 | B81: {=index(PIDtoTSN!E:E, match(A81, PIDtoTSN!A:A, 0))} -> 200166132 | C81: Pranav Rajaram | D81: prajaram@ucsd.edu | E81: D21 | F81: {=index('Mentor Choices'!B:B, match(E81, 'Mentor Choices'!A:A, 0))} -> Armin Schwartzman | G81: =IF(COUNTIF(Sept16!C:C, B81) > 0, "yes", "no") -> yes
A82: A17800006 | B82: {=index(PIDtoTSN!E:E, match(A82, PIDtoTSN!A:A, 0))} -> 200166275 | C82: Zubin Sannakkayala | D82: zsannakkayala@ucsd.edu | E82: D21 | F82: {=index('Mentor Choices'!B:B, match(E82, 'Mentor Choices'!A:A, 0))} -> Armin Schwartzman | G82: =IF(COUNTIF(Sept16!C:C, B82) > 0, "yes", "no") -> yes
A83: A17802231 | B83: {=index(PIDtoTSN!E:E, match(A83, PIDtoTSN!A:A, 0))} -> 200166599 | C83: Katie Hannigan | D83: khannigan@ucsd.edu | E83: D12 | F83: {=index('Mentor Choices'!B:B, match(E83, 'Mentor Choices'!A:A, 0))} -> Kyle Nero | G83: =IF(COUNTIF(Sept16!C:C, B83) > 0, "yes", "no") -> yes
A84: A17802375 | B84: {=index(PIDtoTSN!E:E, match(A84, PIDtoTSN!A:A, 0))} -> 200166617 | C84: Ruofei Mao | D84: rumao@ucsd.edu | E84: D16 | F84: {=index('Mentor Choices'!B:B, match(E84, 'Mentor Choices'!A:A, 0))} -> Rob Knight | G84: =IF(COUNTIF(Sept16!C:C, B84) > 0, "yes", "no") -> yes
A85: A17807523 | B85: {=index(PIDtoTSN!E:E, match(A85, PIDtoTSN!A:A, 0))} -> 200167419 | C85: Christian Kumagai | D85: ckumagai@ucsd.edu | E85: D42 | F85: {=index('Mentor Choices'!B:B, match(E85, 'Mentor Choices'!A:A, 0))} -> Bijian Arbab | G85: =IF(COUNTIF(Sept16!C:C, B85) > 0, "yes", "no") -> yes
A86: A17807608 | B86: {=index(PIDtoTSN!E:E, match(A86, PIDtoTSN!A:A, 0))} -> 200167432 | C86: Shawn Cheng | D86: shc068@ucsd.edu | E86: D28 | F86: {=index('Mentor Choices'!B:B, match(E86, 'Mentor Choices'!A:A, 0))} -> Ryan Lingo | G86: =IF(COUNTIF(Sept16!C:C, B86) > 0, "yes", "no") -> yes
A87: A17809290 | B87: {=index(PIDtoTSN!E:E, match(A87, PIDtoTSN!A:A, 0))} -> 200167681 | C87: Shunyi Du | D87: shunyidu@gmail.com | E87: D27 | F87: {=index('Mentor Choices'!B:B, match(E87, 'Mentor Choices'!A:A, 0))} -> Misha Belkin | G87: =IF(COUNTIF(Sept16!C:C, B87) > 0, "yes", "no") -> yes
A88: A17810860 | B88: {=index(PIDtoTSN!E:E, match(A88, PIDtoTSN!A:A, 0))} -> 200167956 | C88: Aiden Lai | D88: ailai@ucsd.edu | E88: D12 | F88: {=index('Mentor Choices'!B:B, match(E88, 'Mentor Choices'!A:A, 0))} -> Kyle Nero | G88: =IF(COUNTIF(Sept16!C:C, B88) > 0, "yes", "no") -> yes
... A158: A17944874 | B158: {=index(PIDtoTSN!E:E, match(A158, PIDtoTSN!A:A, 0))} -> 200144456 | C158: Derek Kuang | D158: zakuang@ucsd.edu | E158: D01 | F158: {=index('Mentor Choices'!B:B, match(E158, 'Mentor Choices'!A:A, 0))} -> Ali Arsanjani | G158: =IF(COUNTIF(Sept16!C:C, B158) > 0, "yes", "no") -> yes
A159: A17945001 | B159: 200144482 | C159: Terran Chow | D159: t6chow@ucsd.edu | E159: D16 | F159: {=index('Mentor Choices'!B:B, match(E159, 'Mentor Choices'!A:A, 0))} -> Rob Knight | G159: =IF(COUNTIF(Sept16!C:C, B159) > 0, "yes", "no") -> yes
A160: A17947443 | B160: {=index(PIDtoTSN!E:E, match(A160, PIDtoTSN!A:A, 0))} -> 200144751 | C160: Surya Setty | D160: ssetty@ucsd.edu | E160: D31 | F160: {=index('Mentor Choices'!B:B, match(E160, 'Mentor Choices'!A:A, 0))} -> Yoav Freund | G160: =IF(COUNTIF(Sept16!C:C, B160) > 0, "yes", "no") -> yes
A161: A17949683 | B161: {=index(PIDtoTSN!E:E, match(A161, PIDtoTSN!A:A, 0))} -> 200145085 | C161: Sam Ouyang | D161: saouyang@ucsd.edu | E161: D12 | F161: {=index('Mentor Choices'!B:B, match(E161, 'Mentor Choices'!A:A, 0))} -> Kyle Nero | G161: =IF(COUNTIF(Sept16!C:C, B161) > 0, "yes", "no") -> yes
A162: A17950464 | B162: {=index(PIDtoTSN!E:E, match(A162, PIDtoTSN!A:A, 0))} -> 200145232 | C162: David Chew | D162: dchew@ucsd.edu | E162: D05 | F162: {=index('Mentor Choices'!B:B, match(E162, 'Mentor Choices'!A:A, 0))} -> Haojian Jin | G162: =IF(COUNTIF(Sept16!C:C, B162) > 0, "yes", "no") -> yes
A163: A17957434 | B163: {=index(PIDtoTSN!E:E, match(A163, PIDtoTSN!A:A, 0))} -> 200146020 | C163: Edward Zhang | D163: edz001@ucsd.edu | E163: D38 | F163: {=index('Mentor Choices'!B:B, match(E163, 'Mentor Choices'!A:A, 0))} -> Zhijian Liu | G163: =IF(COUNTIF(Sept16!C:C, B163) > 0, "yes", "no") -> yes
A164: A17960283 | B164: {=index(PIDtoTSN!E:E, match(A164, PIDtoTSN!A:A, 0))} -> 200146341 | C164: Ryan Tang | D164: r4tang@ucsd.edu | E164: D28 | F164: {=index('Mentor Choices'!B:B, match(E164, 'Mentor Choices'!A:A, 0))} -> Ryan Lingo | G164: =IF(COUNTIF(Sept16!C:C, B164) > 0, "yes", "no") -> yes
A165: A17961710 | B165: {=index(PIDtoTSN!E:E, match(A165, PIDtoTSN!A:A, 0))} -> 200146505 | C165: Leo Wiemelt | D165: lwiemelt@ucsd.edu | E165: D35 | F165: {=index('Mentor Choices'!B:B, match(E165, 'Mentor Choices'!A:A, 0))} -> Rajesh Gupta | G165: =IF(COUNTIF(Sept16!C:C, B165) > 0, "yes", "no") -> yes
A166: A17961729 | B166: {=index(PIDtoTSN!E:E, match(A166, PIDtoTSN!A:A, 0))} -> 200146511 | C166: Margot Nissen | D166: manissen@ucsd.edu | E166: D07 | F166: {=index('Mentor Choices'!B:B, match(E166, 'Mentor Choices'!A:A, 0))} -> Emily Aiken | G166: =IF(COUNTIF(Sept16!C:C, B166) > 0, "yes", "no") -> yes
A167: A17966871 | B167: {=index(PIDtoTSN!E:E, match(A167, PIDtoTSN!A:A, 0))} -> 200146993 | C167: Elvin Chen | D167: elc015@ucsd.edu | E167: D14 | F167: {=index('Mentor Choices'!B:B, match(E167, 'Mentor Choices'!A:A, 0))} -> Nathan Hui | G167: =IF(COUNTIF(Sept16!C:C, B167) > 0, "yes", "no") -> yes
A168: A17972569 | B168: {=index(PIDtoTSN!E:E, match(A168, PIDtoTSN!A:A, 0))} -> 200141358 | C168: Amelia Wong | D168: ameliawong2005@gmail.com | E168: D29 | F168: {=index('Mentor Choices'!B:B, match(E168, 'Mentor Choices'!A:A, 0))} -> Stuart Geiger | G168: =IF(COUNTIF(Sept16!C:C, B168) > 0, "yes", "no") -> yes
A169: A17975990 | B169: {=index(PIDtoTSN!E:E, match(A169, PIDtoTSN!A:A, 0))} -> 200141710 | C169: Shant Guedekelian | D169: sguedekelian@ucsd.edu | E169: D42 | F169: {=index('Mentor Choices'!B:B, match(E169, 'Mentor Choices'!A:A, 0))} -> Bijian Arbab | G169: =IF(COUNTIF(Sept16!C:C, B169) > 0, "yes", "no") -> yes
A170: A17976167 | B170: {=index(PIDtoTSN!E:E, match(A170, PIDtoTSN!A:A, 0))} -> 200141759 | C170: Maggie Zhang | D170: maz007@ucsd.edu | E170: D38 | F170: {=index('Mentor Choices'!B:B, match(E170, 'Mentor Choices'!A:A, 0))} -> Zhijian Liu | G170: =IF(COUNTIF(Sept16!C:C, B170) > 0, "yes", "no") -> yes
A171: A17977854 | B171: {=index(PIDtoTSN!E:E, match(A171, PIDtoTSN!A:A, 0))} -> 200141915 | C171: Yaqub Mir | D171: ymir@ucsd.edu | E171: D40 | F171: {=index('Mentor Choices'!B:B, match(E171, 'Mentor Choices'!A:A, 0))} -> Jun-kun Wang | G171: =IF(COUNTIF(Sept16!C:C, B171) > 0, "yes", "no") -> yes
... A174: A17987465 | B174: {=index(PIDtoTSN!E:E, match(A174, PIDtoTSN!A:A, 0))} -> 200143132 | C174: Sahana Rangan | D174: srangan@ucsd.edu | E174: D16 | F174: {=index('Mentor Choices'!B:B, match(E174, 'Mentor Choices'!A:A, 0))} -> Rob Knight | G174: =IF(COUNTIF(Sept16!C:C, B174) > 0, "yes", "no") -> yes
A175: A17991015 | B175: {=index(PIDtoTSN!E:E, match(A175, PIDtoTSN!A:A, 0))} -> 200143652 | C175: Noah Golder | D175: ngolder@ucsd.edu | E175: D33 | F175: Babak Salimi | G175: =IF(COUNTIF(Sept16!C:C, B175) > 0, "yes", "no") -> yes
A176: A17991929 | B176: {=index(PIDtoTSN!E:E, match(A176, PIDtoTSN!A:A, 0))} -> 200143761 | C176: Acelynn Qiao | D176: aqiao@ucsd.edu | E176: D19 | F176: {=index('Mentor Choices'!B:B, match(E176, 'Mentor Choices'!A:A, 0))} -> Victor Minces | G176: =IF(COUNTIF(Sept16!C:C, B176) > 0, "yes", "no") -> yes
A177: A17994070 | B177: {=index(PIDtoTSN!E:E, match(A177, PIDtoTSN!A:A, 0))} -> 200144021 | C177: Alex Frederick | D177: afrederick@ucsd.edu | E177: D21 | F177: {=index('Mentor Choices'!B:B, match(E177, 'Mentor Choices'!A:A, 0))} -> Armin Schwartzman | G177: =IF(COUNTIF(Sept16!C:C, B177) > 0, "yes", "no") -> yes
A178: A17995383 | B178: {=index(PIDtoTSN!E:E, match(A178, PIDtoTSN!A:A, 0))} -> 200137144 | C178: Ganesh Kumarappan | D178: gkumarappan@ucsd.edu | E178: D39 | F178: {=index('Mentor Choices'!B:B, match(E178, 'Mentor Choices'!A:A, 0))} -> Arya Mazumdar | G178: =IF(COUNTIF(Sept16!C:C, B178) > 0, "yes", "no") -> yes
A179: A17999060 | B179: {=index(PIDtoTSN!E:E, match(A179, PIDtoTSN!A:A, 0))} -> 200137640 | C179: Junran Yang | D179: juy029@ucsd.edu | E179: D16 | F179: {=index('Mentor Choices'!B:B, match(E179, 'Mentor Choices'!A:A, 0))} -> Rob Knight | G179: =IF(COUNTIF(Sept16!C:C, B179) > 0, "yes", "no") -> yes
A180: A18030348 | B180: {=index(PIDtoTSN!E:E, match(A180, PIDtoTSN!A:A, 0))} -> 200134986 | C180: Huiyu Yie | D180: huyie@ucsd.edu | E180: D12 | F180: {=index('Mentor Choices'!B:B, match(E180, 'Mentor Choices'!A:A, 0))} -> Kyle Nero | G180: =IF(COUNTIF(Sept16!C:C, B180) > 0, "yes", "no") -> yes
A181: A18109994 | B181: {=index(PIDtoTSN!E:E, match(A181, PIDtoTSN!A:A, 0))} -> 200121500 | C181: Jiahe Qin | D181: jiq004@ucsd.edu | E181: D30 | F181: {=index('Mentor Choices'!B:B, match(E181, 'Mentor Choices'!A:A, 0))} -> Tianhao Wang | G181: =IF(COUNTIF(Sept16!C:C, B181) > 0, "yes", "no") -> yes
A182: A18110131 | B182: {=index(PIDtoTSN!E:E, match(A182, PIDtoTSN!A:A, 0))} -> 200121532 | C182: Sophia Vo | D182: sovo@ucsd.edu | E182: D23 | F182: {=index('Mentor Choices'!B:B, match(E182, 'Mentor Choices'!A:A, 0))} -> Dusan Bosnjakovic | G182: =IF(COUNTIF(Sept16!C:C, B182) > 0, "yes", "no") -> yes
A183: A18111272 | B183: {=index(PIDtoTSN!E:E, match(A183, PIDtoTSN!A:A, 0))} -> 200121660 | C183: Preethi Manne | D183: pmanne@ucsd.edu | E183: D21 | F183: {=index('Mentor Choices'!B:B, match(E183, 'Mentor Choices'!A:A, 0))} -> Armin Schwartzman | G183: =IF(COUNTIF(Sept16!C:C, B183) > 0, "yes", "no") -> yes
A184: A18111482 | B184: {=index(PIDtoTSN!E:E, match(A184, PIDtoTSN!A:A, 0))} -> 200121710 | C184: Alexander Kuo | D184: a3kuo@ucsd.edu | E184: D30 | F184: {=index('Mentor Choices'!B:B, match(E184, 'Mentor Choices'!A:A, 0))} -> Tianhao Wang | G184: =IF(COUNTIF(Sept16!C:C, B184) > 0, "yes", "no") -> yes
A185: A18111807 | B185: {=index(PIDtoTSN!E:E, match(A185, PIDtoTSN!A:A, 0))} -> 200121778 | C185: Audrey Chung | D185: auchung@ucsd.edu | E185: D08 | F185: {=index('Mentor Choices'!B:B, match(E185, 'Mentor Choices'!A:A, 0))} -> Gabriel Garzo | G185: =IF(COUNTIF(Sept16!C:C, B185) > 0, "yes", "no") -> yes
A186: A18111889 | B186: {=index(PIDtoTSN!E:E, match(A186, PIDtoTSN!A:A, 0))} -> 200121806 | C186: Ziyan Liu | D186: zil117@ucsd.edu | E186: D18 | F186: {=index('Mentor Choices'!B:B, match(E186, 'Mentor Choices'!A:A, 0))} -> Tiffany Amariuta | G186: =IF(COUNTIF(Sept16!C:C, B186) > 0, "yes", "no") -> yes
A187: A18112290 | B187: {=index(PIDtoTSN!E:E, match(A187, PIDtoTSN!A:A, 0))} -> 200121893 | C187: Uday Lingampalli | D187: ulingampalli@ucsd.edu | E187: D31 | F187: {=index('Mentor Choices'!B:B, match(E187, 'Mentor Choices'!A:A, 0))} -> Yoav Freund | G187: =IF(COUNTIF(Sept16!C:C, B187) > 0, "yes", "no") -> yes
... A313: A19290181 | B313: {=index(PIDtoTSN!E:E, match(A313, PIDtoTSN!A:A, 0))} -> 200325185 | C313: Akshitaa Balasai | D313: abalasai@ucsd.edu | E313: D01 | F313: {=index('Mentor Choices'!B:B, match(E313, 'Mentor Choices'!A:A, 0))} -> Ali Arsanjani | G313: =IF(COUNTIF(Sept16!C:C, B313) > 0, "yes", "no") -> yes
A314: 200168310 | B314: {=index(PIDtoTSN!E:E, match(A314, PIDtoTSN!A:A, 0))} -> 200168310 | C314: Gabriel Borjas-Perez | D314: gborjasperez@ucsd.edu | E314: D40 | F314: {=index('Mentor Choices'!B:B, match(E314, 'Mentor Choices'!A:A, 0))} -> Jun-kun Wang | G314: =IF(COUNTIF(Sept16!C:C, B314) > 0, "yes", "no") -> yes
A315: 200160710 | B315: {=index(PIDtoTSN!E:E, match(A315, PIDtoTSN!A:A, 0))} -> 200160710 | C315: Jenny Xu | D315: jex004@ucsd.edu | E315: D40 | F315: {=index('Mentor Choices'!B:B, match(E315, 'Mentor Choices'!A:A, 0))} -> Jun-kun Wang | G315: =IF(COUNTIF(Sept16!C:C, B315) > 0, "yes", "no") -> yes
A316: 200164955 | B316: {=index(PIDtoTSN!E:E, match(A316, PIDtoTSN!A:A, 0))} -> 200164955 | C316: Willem De Haan | D316: wdehaan@ucsd.edu | E316: D40 | F316: {=index('Mentor Choices'!B:B, match(E316, 'Mentor Choices'!A:A, 0))} -> Jun-kun Wang | G316: =IF(COUNTIF(Sept16!C:C, B316) > 0, "yes", "no") -> yes
B317: 200153039 | C317: Jennifer Kuei | D317: jekuei@ucsd.edu | E317: D01 | F317: {=index('Mentor Choices'!B:B, match(E317, 'Mentor Choices'!A:A, 0))} -> Ali Arsanjani | G317: =IF(COUNTIF(Sept16!C:C, B317) > 0, "yes", "no") -> yes
B318: 200226782 | C318: Trinity Truong | D318: trt005@ucsd.edu | E318: D13 | F318: {=index('Mentor Choices'!B:B, match(E318, 'Mentor Choices'!A:A, 0))} -> Mikio Aoi | G318: =IF(COUNTIF(Sept16!C:C, B318) > 0, "yes", "no") -> yes
B319: 200175838 | C319: Po-Chen Lin | D319: p5lin@ucsd.edu | E319: D17 | F319: {=index('Mentor Choices'!B:B, match(E319, 'Mentor Choices'!A:A, 0))} -> Tauhidur Rahaman | G319: =IF(COUNTIF(Sept16!C:C, B319) > 0, "yes", "no") -> yes
B320: 200156689 | C320: Ananya Anand Wasker | D320: awasker@ucsd.edu | E320: D33 | F320: {=index('Mentor Choices'!B:B, match(E320, 'Mentor Choices'!A:A, 0))} -> Babak Salimi | G320: =IF(COUNTIF(Sept16!C:C, B320) > 0, "yes", "no") -> yes
A321: A17816211 | B321: 200168926 | C321: Cheng, Peiling | D321: pec021@ucsd.edu | E321: D45 | F321: {=index('Mentor Choices'!B:B, match(E321, 'Mentor Choices'!A:A, 0))} -> Soohyun Liao | G321: =IF(COUNTIF(Sept16!C:C, B321) > 0, "yes", "no") -> yes
A322: A17744892 | B322: 200176526 | C322: Kimayong, Christian Lee Jerome | D322: ckimayong@ucsd.edu | E322: D45 | F322: {=index('Mentor Choices'!B:B, match(E322, 'Mentor Choices'!A:A, 0))} -> Soohyun Liao | G322: =IF(COUNTIF(Sept16!C:C, B322) > 0, "yes", "no") -> yes
A323: A16367852 | B323: 200044824 | C323: Mei, Eric | D323: emei@ucsd.edu | E323: D45 | F323: {=index('Mentor Choices'!B:B, match(E323, 'Mentor Choices'!A:A, 0))} -> Soohyun Liao | G323: =IF(COUNTIF(Sept16!C:C, B323) > 0, "yes", "no") -> yes
A324: A17875536 | B324: 200159232 | C324: Ricketts, Alyvia Veronika | D324: alvaughan@ucsd.edu | E324: D45 | F324: {=index('Mentor Choices'!B:B, match(E324, 'Mentor Choices'!A:A, 0))} -> Soohyun Liao | G324: =IF(COUNTIF(Sept16!C:C, B324) > 0, "yes", "no") -> yes
A325: A18111514 | B325: 200121724 | C325: Sakamoto, Rachel Waka | D325: rwsakamoto@ucsd.edu | E325: D45 | F325: {=index('Mentor Choices'!B:B, match(E325, 'Mentor Choices'!A:A, 0))} -> Soohyun Liao | G325: =IF(COUNTIF(Sept16!C:C, B325) > 0, "yes", "no") -> yes
A326: A18432889 | B326: 200063681 | C326: Sun, Wanhan | D326: was002@ucsd.edu | E326: D45 | F326: {=index('Mentor Choices'!B:B, match(E326, 'Mentor Choices'!A:A, 0))} -> Soohyun Liao | G326: =IF(COUNTIF(Sept16!C:C, B326) > 0, "yes", "no") -> yes

Sheet AllocStats
A1: Metric | B1: Value | E1: Choice | F1: Students | I1: PID | J1: Name | K1: Email | L1: Domain ID
A2: Students | B2: 310 | E2: 1 | F2: 156 | I2: A17372335 | J2: Amjad Faiz Bin Muhamad Afandy | K2: amuhamadafandy@ucsd.edu | L2: D27
A3: Domains | B3: 44 | E3: 2 | F3: 39 | I3: A17500501 | J3: Ahmad Ageel | K3: aageel@ucsd.edu | L3: D09
A4: Total seats | B4: 317 | E4: 3 | F4: 26 | I4: A17710940 | J4: Mohak Prakash | K4: mprakash@ucsd.edu | L4: D27
A5: Matched | B5: 310 | E5: 4 | F5: 21 | I5: A17752898 | J5: Vedant Vardhaan | K5: vvardhaan@ucsd.edu | L5: D32
A6: Unmatched | B6: 0 | E6: 5 | F6: 9 | I6: A17784858 | J6: Hasaam Butt | K6: hbutt@ucsd.edu | L6: D27
A7: Fallback placements | B7: 20 | E7: 6 | F7: 13 | I7: A17809290 | J7: Shunyi Du | K7: shunyidu@gmail.com | L7: D27
A8: Blocking pairs | B8: 0 | E8: 7 | F8: 6 | I8: A17813042 | J8: Aathi Muthu | K8: amuthu@ucsd.edu | L8: D32
A9: Capacity violations | B9: 0 | E9: 8 | F9: 9 | I9: A17897553 | J9: Jaden Vo | K9: j9vo@ucsd.edu | L9: D32
A10: Got 1st choice | B10: 156 | E10: 9 | F10: 4 | I10: A17897956 | J10: Dylan Vo | K10: dyvo@ucsd.edu | L10: D09
A11: Got a top-3 choice | B11: 221 | E11: 10 | F11: 7 | I11: A17920037 | J11: Flavia Gabriella Tedjarutjianta | K11: ftedjarutjianta@ucsd.edu | L11: D27
E12: fallback | F12: 20 | I12: A18115979 | J12: Brian Can | K12: brcan@ucsd.edu | L12: D32
I13: A18176347 | J13: Nimisha Mishra | K13: n2mishra@ucsd.edu | L13: D32
I14: A18498019 | J14: Andrew Youn | K14: asyoun@ucsd.edu | L14: D32
I15: A18503664 | J15: Po-Hua Chen | K15: poc008@ucsd.edu | L15: D32
I16: A18506910 | J16: Anand Baidya | K16: abaidya@ucsd.edu | L16: D32
I17: A18507432 | J17: Khaleel Karim | K17: kkarim@ucsd.edu | L17: D09
I18: A18534525 | J18: Junle Li | K18: jul187@ucsd.edu | L18: D09
I19: A18562616 | J19: Janie Chan | K19: jlc006@ucsd.edu | L19: D27
I20: A18579846 | J20: Prabhjas Singh | K20: prs018@ucsd.edu | L20: D27
I21: A18589762 | J21: Sonali Singh | K21: sssingh@ucsd.edu | L21: D27

Sheet mentors
A1: Domain ID | B1: First Name | C1: Last Name | D1: Email | E1: Full Name | F1: Students Allocated
A2: D01 | B2: Ali | C2: Arsanjani | D2: arsanjani@google.com | E2: =CONCATENATE(B2, " ", C2) -> Ali Arsanjani | F2: {=index(bydomain!F:F, match(A2, bydomain!A:A, 0))} -> Akshitaa Balasai, April Huang, Bobby Zhou, Derek Kuang, Ethan Lam, Grace Trainor, Hannah Gonzalez, Janice Rincon, Jordi Pham, Kyle Flores, Rezon Gautama, Saanvi Ranadive, Susana Haing, Vanessa Lau, Zachary Loo, Sonali Singh
A3: D02 | B3: Aobo | C3: Li | D3: aol002@ucsd.edu | E3: =CONCATENATE(B3, " ", C3) -> Aobo Li | F3: {=index(bydomain!F:F, match(A3, bydomain!A:A, 0))} -> Bryan Cruz, Hieu Nguyen, Madhav Pudukottai Krishnaraj, Ryan Conrad Atienza, Timothy Harmon
A4: D03 | B4: Ben | C4: Smarr | D4: bsmarr@ucsd.edu | E4: =CONCATENATE(B4, " ", C4) -> Ben Smarr | F4: {=index(bydomain!F:F, match(A4, bydomain!A:A, 0))} -> Alisha Wang, Brandon Van Horn, Matthew Vaught, Vivian Lin
A5: D03 | B5: Manny | C5: Ruidiaz | D5: manny.ruidiaz@murine.org | E5: =CONCATENATE(B5, " ", C5) -> Manny Ruidiaz | F5: {=index(bydomain!F:F, match(A5, bydomain!A:A, 0))} -> Alisha Wang, Brandon Van Horn, Matthew Vaught, Vivian Lin
A6: D04 | B6: Biwei | C6: Huang | D6: bih007@ucsd.edu | E6: =CONCATENATE(B6, " ", C6) -> Biwei Huang | F6: {=index(bydomain!F:F, match(A6, bydomain!A:A, 0))} -> Bryan Nguyen, Joey Sandoval, Juee Deshmukh, Kyle Zhao, Palina Volskaya, Scarlett Scott, Uzair Gheewala, Vani Sahjwani
A7: D05 | B7: Haojian | C7: Jin | D7: haojian@ucsd.edu | E7: =CONCATENATE(B7, " ", C7) -> Haojian Jin | F7: {=index(bydomain!F:F, match(A7, bydomain!A:A, 0))} -> Ali Ahmed, Claire Lee, Daniel Huang, David Chew, Jared Parra, Justin Lee, Keanu Ventura, Lillian Tran, Marvell Suhali, Matthew Justine Viray, Ryan Lee, Sharon Tey
A8: D05 | B8: Michael | C8: Deisher | D8: michael.deisher@azimuth-ai.com | E8: =CONCATENATE(B8, " ", C8) -> Michael Deisher | F8: {=index(bydomain!F:F, match(A8, bydomain!A:A, 0))} -> Ali Ahmed, Claire Lee, Daniel Huang, David Chew, Jared Parra, Justin Lee, Keanu Ventura, Lillian Tran, Marvell Suhali, Matthew Justine Viray, Ryan Lee, Sharon Tey
A9: D05 | B9: Sylvia | C9: Downing | D9: sylvia.j.downing@azimuth-ai.com | E9: =CONCATENATE(B9, " ", C9) -> Sylvia Downing | F9: {=index(bydomain!F:F, match(A9, bydomain!A:A, 0))} -> Ali Ahmed, Claire Lee, Daniel Huang, David Chew, Jared Parra, Justin Lee, Keanu Ventura, Lillian Tran, Marvell Suhali, Matthew Justine Viray, Ryan Lee, Sharon Tey
A10: D06 | B10: Duncan | C10: Watson-Parris | D10: dwatsonparris@ucsd.edu | E10: =CONCATENATE(B10, " ", C10) -> Duncan Watson-Parris | F10: {=index(bydomain!F:F, match(A10, bydomain!A:A, 0))} -> Annaly Ellis, Cheryl Xiang, Coleman Clougherty, Coltrane Gowan, Jennifer Chang, Linus Lee, Roman Respicio, Vishal Rana Paidi
A11: D07 | B11: Emily | C11: Aiken | D11: eaiken@ucsd.edu | E11: =CONCATENATE(B11, " ", C11) -> Emily Aiken | F11: {=index(bydomain!F:F, match(A11, bydomain!A:A, 0))} -> Margot Nissen, Maya Sissel, Mieko Chun, Prisha Maiti, Simone Rao, Su Love Wai
A12: D08 | B12: Gabriel | C12: Andres Garzo | D12: gabrielandres.garzo@rpsandiego.com | E12: =CONCATENATE(B12, " ", C12) -> Gabriel Andres Garzo | F12: {=index(bydomain!F:F, match(A12, bydomain!A:A, 0))} -> Audrey Chung, Gabriel Maayah, Kang Lee, Kate Feng, Keilani Li, Siya Sathaye, Tiantian Zheng, Tristan Leo
A13: D08 | B13: Madison | C13: Hughes | D13: madison.hughes@rpsandiego.com | E13: =CONCATENATE(B13, " ", C13) -> Madison Hughes | F13: {=index(bydomain!F:F, match(A13, bydomain!A:A, 0))} -> Audrey Chung, Gabriel Maayah, Kang Lee, Kate Feng, Keilani Li, Siya Sathaye, Tiantian Zheng, Tristan Leo
... A67: D44 | B67: Robert | C67: Wilderman | D67: robert.wildeman@us.bosch.com | E67: =CONCATENATE(B67, " ", C67) -> Robert Wilderman | F67: {=index(bydomain!F:F, match(A67, bydomain!A:A, 0))} -> Ansh Bhatnagar, Chang-Yu Lee, Jayden Huang, Jeronimo Adames-Baena, Mihir Vad, Shujia Chen, Sunny Sun, Varick Hasim
A68: D45 | B68: Soohyun | C68: Liao | D68: snam@ucsd.edu | E68: Soohyun Liao

Sheet enrollment
A1: Select Mentor from Dropdown | E1: Select Domain ID from Dropdown
A3: Aobo Li | B3: {=index(mentors!A:A, match(A3, mentors!E:E, 0))} -> D02 | D3: Mentors for domain | E3: D12 | F3: =E3 -> D12 | H3: Mentors for domain
A5: =IFERROR(__xludf.DUMMYFUNCTION("IF(OR(A3="""",A3=""Full Name""), ""Please select a mentor."", FILTER(bystudent!B:D , bystudent!E:E = B3))"),"#REF!") -> #REF! | D5: =IFERROR(__xludf.DUMMYFUNCTION("IF(OR(A3="""",A3=""Domain ID""), ""Please select a Domain."", FILTER(mentors!E:E ,mentors!A:A = B3))"),"Aobo Li") -> Aobo Li | E5: =IFERROR(__xludf.DUMMYFUNCTION("IF(OR(E3="""",E3=""Domain ID""), ""Please select a Domain."", FILTER(bystudent!B:D ,bystudent!E:E = F3))"),2.00173831E8) -> 200173831 | F5: =IFERROR(__xludf.DUMMYFUNCTION("""COMPUTED_VALUE"""),"Song Su") -> Song Su | G5: =IFERROR(__xludf.DUMMYFUNCTION("""COMPUTED_VALUE"""),"sosu@ucsd.edu") -> sosu@ucsd.edu | H5: =IFERROR(__xludf.DUMMYFUNCTION("IF(OR(E3="""",E3=""Domain ID""), ""Please select a Domain."", FILTER(mentors!E:E ,mentors!A:A = F3))"),"Kyle Nero") -> Kyle Nero
E6: =IFERROR(__xludf.DUMMYFUNCTION("""COMPUTED_VALUE"""),2.00144405E8) -> 200144405 | F6: =IFERROR(__xludf.DUMMYFUNCTION("""COMPUTED_VALUE"""),"Steven Ouyang") -> Steven Ouyang | G6: =IFERROR(__xludf.DUMMYFUNCTION("""COMPUTED_VALUE"""),"houyang@ucsd.edu") -> houyang@ucsd.edu | H6: =IFERROR(__xludf.DUMMYFUNCTION("""COMPUTED_VALUE"""),"Daniel Mathew") -> Daniel Mathew
E7: =IFERROR(__xludf.DUMMYFUNCTION("""COMPUTED_VALUE"""),2.00114926E8) -> 200114926 | F7: =IFERROR(__xludf.DUMMYFUNCTION("""COMPUTED_VALUE"""),"Vanessa Feng") -> Vanessa Feng | G7: =IFERROR(__xludf.DUMMYFUNCTION("""COMPUTED_VALUE"""),"l6feng@ucsd.edu") -> l6feng@ucsd.edu | H7: =IFERROR(__xludf.DUMMYFUNCTION("""COMPUTED_VALUE"""),"Berk Ustun") -> Berk Ustun
E8: =IFERROR(__xludf.DUMMYFUNCTION("""COMPUTED_VALUE"""),2.00293399E8) -> 200293399 | F8: =IFERROR(__xludf.DUMMYFUNCTION("""COMPUTED_VALUE"""),"Michael Petersen") -> Michael Petersen | G8: =IFERROR(__xludf.DUMMYFUNCTION("""COMPUTED_VALUE"""),"m1petersen@ucsd.edu") -> m1petersen@ucsd.edu
C9: I | E9: =IFERROR(__xludf.DUMMYFUNCTION("""COMPUTED_VALUE"""),2.00175198E8) -> 200175198 | F9: =IFERROR(__xludf.DUMMYFUNCTION("""COMPUTED_VALUE"""),"Ishaan Tibdewal") -> Ishaan Tibdewal | G9: =IFERROR(__xludf.DUMMYFUNCTION("""COMPUTED_VALUE"""),"itibdewal@ucsd.edu") -> itibdewal@ucsd.edu
E10: =IFERROR(__xludf.DUMMYFUNCTION("""COMPUTED_VALUE"""),2.00166599E8) -> 200166599 | F10: =IFERROR(__xludf.DUMMYFUNCTION("""COMPUTED_VALUE"""),"Katie Hannigan") -> Katie Hannigan | G10: =IFERROR(__xludf.DUMMYFUNCTION("""COMPUTED_VALUE"""),"khannigan@ucsd.edu") -> khannigan@ucsd.edu
E11: =IFERROR(__xludf.DUMMYFUNCTION("""COMPUTED_VALUE"""),2.00167956E8) -> 200167956 | F11: =IFERROR(__xludf.DUMMYFUNCTION("""COMPUTED_VALUE"""),"Aiden Lai") -> Aiden Lai | G11: =IFERROR(__xludf.DUMMYFUNCTION("""COMPUTED_VALUE"""),"ailai@ucsd.edu") -> ailai@ucsd.edu
E12: =IFERROR(__xludf.DUMMYFUNCTION("""COMPUTED_VALUE"""),2.00145085E8) -> 200145085 | F12: =IFERROR(__xludf.DUMMYFUNCTION("""COMPUTED_VALUE"""),"Sam Ouyang") -> Sam Ouyang | G12: =IFERROR(__xludf.DUMMYFUNCTION("""COMPUTED_VALUE"""),"saouyang@ucsd.edu") -> saouyang@ucsd.edu
E13: =IFERROR(__xludf.DUMMYFUNCTION("""COMPUTED_VALUE"""),2.00134986E8) -> 200134986 | F13: =IFERROR(__xludf.DUMMYFUNCTION("""COMPUTED_VALUE"""),"Huiyu Yie") -> Huiyu Yie | G13: =IFERROR(__xludf.DUMMYFUNCTION("""COMPUTED_VALUE"""),"huyie@ucsd.edu") -> huyie@ucsd.edu
E14: =IFERROR(__xludf.DUMMYFUNCTION("""COMPUTED_VALUE"""),2.00116919E8) -> 200116919 | F14: =IFERROR(__xludf.DUMMYFUNCTION("""COMPUTED_VALUE"""),"Zilig Xu") -> Zilig Xu | G14: =IFERROR(__xludf.DUMMYFUNCTION("""COMPUTED_VALUE"""),"zix021@ucsd.edu") -> zix021@ucsd.edu
E15: =IFERROR(__xludf.DUMMYFUNCTION("""COMPUTED_VALUE"""),2.00071579E8) -> 200071579 | F15: =IFERROR(__xludf.DUMMYFUNCTION("""COMPUTED_VALUE"""),"Jack Ding") -> Jack Ding | G15: =IFERROR(__xludf.DUMMYFUNCTION("""COMPUTED_VALUE"""),"jading@ucsd.edu") -> jading@ucsd.edu
E16: =IFERROR(__xludf.DUMMYFUNCTION("""COMPUTED_VALUE"""),2.00049942E8) -> 200049942 | F16: =IFERROR(__xludf.DUMMYFUNCTION("""COMPUTED_VALUE"""),"Liuxuhong Zhao") -> Liuxuhong Zhao | G16: =IFERROR(__xludf.DUMMYFUNCTION("""COMPUTED_VALUE"""),"liz066@ucsd.edu") -> liz066@ucsd.edu

Sheet PIDtoTSN
A1: PID | B1: Name | C1: Email | D1: TSN | E1: FLAT
A2: A18654426 | B2: Julia Dial | C2: jrdial@ucsd.edu | D2: =IFERROR(VLOOKUP(C2,TSN,2,FALSE),"None") -> None | E2: 200016088
A3: A18633328 | B3: Juee Deshmukh | C3: jdeshmukh@ucsd.edu | D3: =IFERROR(VLOOKUP(C3,TSN,2,FALSE),"None") -> None | E3: 200020274
A4: A18633375 | B4: Jayden Li | C4: jbl011@ucsd.edu | D4: =IFERROR(VLOOKUP(C4,TSN,2,FALSE),"None") -> None | E4: 200020279
A5: A18639524 | B5: Rishvik Ravi | C5: r4ravi@ucsd.edu | D5: =IFERROR(VLOOKUP(C5,TSN,2,FALSE),"None") -> None | E5: 200021549
A6: A18647188 | B6: Arushi Patra | C6: apatra@ucsd.edu | D6: =IFERROR(VLOOKUP(C6,TSN,2,FALSE),"None") -> None | E6: 200022960
A7: A18615626 | B7: Dylan Louie | C7: dylouie@ucsd.edu | D7: =IFERROR(VLOOKUP(C7,TSN,2,FALSE),"None") -> None | E7: 200024521
A8: A18616536 | B8: Zonglin Zhang | C8: zoz002@ucsd.edu | D8: =IFERROR(VLOOKUP(C8,TSN,2,FALSE),"None") -> None | E8: 200024714
A9: A18598144 | B9: Kavyan Patel | C9: kpp007@ucsd.edu | D9: =IFERROR(VLOOKUP(C9,TSN,2,FALSE),"None") -> None | E9: 200028239
A10: A18603940 | B10: Sweekrit Bhatnagar | C10: sbhatnagar@ucsd.edu | D10: =IFERROR(VLOOKUP(C10,TSN,2,FALSE),"None") -> None | E10: 200030009
A11: A18605782 | B11: Sumedha Rai | C11: surai@ucsd.edu | D11: =IFERROR(VLOOKUP(C11,TSN,2,FALSE),"None") -> None | E11: 200030407
A12: A18606977 | B12: Brian Jing | C12: bjing@ucsd.edu | D12: =IFERROR(VLOOKUP(C12,TSN,2,FALSE),"None") -> None | E12: 200030722
A13: A18609679 | B13: Siya Sathaye | C13: ssathaye@ucsd.edu | D13: =IFERROR(VLOOKUP(C13,TSN,2,FALSE),"None") -> None | E13: 200031205
... A203: A17843999 | B203: Mehul Verma | C203: meverma@ucsd.edu | D203: =IFERROR(VLOOKUP(C203,TSN,2,FALSE),"None") -> None | E203: 200160647
A204: 200160710 | B204: Jenny Xu | C204: jex004@ucsd.edu | D204: =IFERROR(VLOOKUP(C204,TSN,2,FALSE),"None") -> None | E204: 200160710
A205: A17844626 | B205: Neil Dewan | C205: ndewan@ucsd.edu | D205: =IFERROR(VLOOKUP(C205,TSN,2,FALSE),"None") -> None | E205: 200160765
A206: A17846462 | B206: Edison Ayran | C206: edayran@ucsd.edu | D206: =IFERROR(VLOOKUP(C206,TSN,2,FALSE),"None") -> None | E206: 200161135
A207: A17847114 | B207: Chidiebere Agunanne | C207: cagunanne@ucsd.edu | D207: =IFERROR(VLOOKUP(C207,TSN,2,FALSE),"None") -> None | E207: 200161275
A208: A17847578 | B208: Jason Liu | C208: jal134@ucsd.edu | D208: =IFERROR(VLOOKUP(C208,TSN,2,FALSE),"None") -> None | E208: 200161391
A209: A17848067 | B209: Atherv Vidhate | C209: avidhate@ucsd.edu | D209: =IFERROR(VLOOKUP(C209,TSN,2,FALSE),"None") -> None | E209: 200161521
A210: A17848688 | B210: Deepal Deleena | C210: ddeleena@ucsd.edu | D210: =IFERROR(VLOOKUP(C210,TSN,2,FALSE),"None") -> None | E210: 200161621
A211: A17849396 | B211: Kyle Flores | C211: kyflores@ucsd.edu | D211: =IFERROR(VLOOKUP(C211,TSN,2,FALSE),"None") -> None | E211: 200161763
A212: A17852643 | B212: Munachimso Ndubisi | C212: mndubisi@ucsd.edu | D212: =IFERROR(VLOOKUP(C212,TSN,2,FALSE),"None") -> None | E212: 200162254
A213: A17853057 | B213: Hieu Nguyen | C213: vin028@ucsd.edu | D213: =IFERROR(VLOOKUP(C213,TSN,2,FALSE),"None") -> None | E213: 200162298
A214: A17853531 | B214: Yi-Hsuan Kuo | C214: y3kuo@ucsd.edu | D214: =IFERROR(VLOOKUP(C214,TSN,2,FALSE),"None") -> None | E214: 200162375
A215: A17853863 | B215: Varick Hasim | C215: vhasim@ucsd.edu | D215: =IFERROR(VLOOKUP(C215,TSN,2,FALSE),"None") -> None | E215: 200162425
A216: A17853941 | B216: Dhruv Sehgal | C216: dsehgal@ucsd.edu | D216: =IFERROR(VLOOKUP(C216,TSN,2,FALSE),"None") -> None | E216: 200162446
... A227: A17830823 | B227: William Chou | C227: w4chou@ucsd.edu | D227: =IFERROR(VLOOKUP(C227,TSN,2,FALSE),"None") -> None | E227: 200164928
A228: 200164955 | B228: Willem De Haan | C228: wdehaan@ucsd.edu | D228: =IFERROR(VLOOKUP(C228,TSN,2,FALSE),"None") -> None | E228: 200164955
A229: A17832678 | B229: Eric Gan | C229: ergan@ucsd.edu | D229: =IFERROR(VLOOKUP(C229,TSN,2,FALSE),"None") -> None | E229: 200165233
A230: A17798100 | B230: Amrutha Potluri | C230: apotluri@ucsd.edu | D230: =IFERROR(VLOOKUP(C230,TSN,2,FALSE),"None") -> None | E230: 200165952
A231: A17799139 | B231: Ethan Lam | C231: e7lam@ucsd.edu | D231: =IFERROR(VLOOKUP(C231,TSN,2,FALSE),"None") -> None | E231: 200166124
A232: A17799160 | B232: Pranav Rajaram | C232: prajaram@ucsd.edu | D232: =IFERROR(VLOOKUP(C232,TSN,2,FALSE),"None") -> None | E232: 200166132
A233: A17800006 | B233: Zubin Sannakkayala | C233: zsannakkayala@ucsd.edu | D233: =IFERROR(VLOOKUP(C233,TSN,2,FALSE),"None") -> None | E233: 200166275
A234: A17802231 | B234: Katie Hannigan | C234: khannigan@ucsd.edu | D234: =IFERROR(VLOOKUP(C234,TSN,2,FALSE),"None") -> None | E234: 200166599
A235: A17802375 | B235: Ruofei Mao | C235: rumao@ucsd.edu | D235: =IFERROR(VLOOKUP(C235,TSN,2,FALSE),"None") -> None | E235: 200166617
A236: A17807523 | B236: Christian Kumagai | C236: ckumagai@ucsd.edu | D236: =IFERROR(VLOOKUP(C236,TSN,2,FALSE),"None") -> None | E236: 200167419
A237: A17807608 | B237: Shawn Cheng | C237: shc068@ucsd.edu | D237: =IFERROR(VLOOKUP(C237,TSN,2,FALSE),"None") -> None | E237: 200167432
A238: A17810860 | B238: Aiden Lai | C238: ailai@ucsd.edu | D238: =IFERROR(VLOOKUP(C238,TSN,2,FALSE),"None") -> None | E238: 200167956
A239: 200168310 | B239: Gabriel Borjas-Perez | C239: gborjasperez@ucsd.edu | D239: =IFERROR(VLOOKUP(C239,TSN,2,FALSE),"None") -> None | E239: 200168310
A240: A17813042 | B240: Aathi Muthu | C240: amuthu@ucsd.edu | D240: =IFERROR(VLOOKUP(C240,TSN,2,FALSE),"None") -> None | E240: 200168381
A241: A17813323 | B241: Dylan Cheng | C241: dycheng@ucsd.edu | D241: =IFERROR(VLOOKUP(C241,TSN,2,FALSE),"None") -> None | E241: 200168433
A242: A17813616 | B242: Roman Respicio | C242: rrespicio@ucsd.edu | D242: =IFERROR(VLOOKUP(C242,TSN,2,FALSE),"None") -> None | E242: 200168478
A243: A17813712 | B243: Abhi Sathvika Goriparthy | C243: agoriparthy@ucsd.edu | D243: =IFERROR(VLOOKUP(C243,TSN,2,FALSE),"None") -> None | E243: 200168497
A244: A17814846 | B244: Maya Sissel | C244: msissel@ucsd.edu | D244: =IFERROR(VLOOKUP(C244,TSN,2,FALSE),"None") -> None | E244: 200168658
A245: A17815340 | B245: Claire Lee | C245: cll016@ucsd.edu | D245: =IFERROR(VLOOKUP(C245,TSN,2,FALSE),"None") -> None | E245: 200168747
A246: A17815488 | B246: Palina Volskaya | C246: pvolskaya@ucsd.edu | D246: =IFERROR(VLOOKUP(C246,TSN,2,FALSE),"None") -> None | E246: 200168795
A247: A17777807 | B247: Coltrane Gowan | C247: cgowan@ucsd.edu | D247: =IFERROR(VLOOKUP(C247,TSN,2,FALSE),"None") -> None | E247: 200169161
A248: A17781241 | B248: Jeremy Cheng | C248: jec061@ucsd.edu | D248: =IFERROR(VLOOKUP(C248,TSN,2,FALSE),"None") -> None | E248: 200169744
A249: A17784010 | B249: Esther Chung | C249: esc005@ucsd.edu | D249: =IFERROR(VLOOKUP(C249,TSN,2,FALSE),"None") -> None | E249: 200170066
A250: A17784761 | B250: Jay Manjrekar | C250: jmanjrekar@ucsd.edu | D250: =IFERROR(VLOOKUP(C250,TSN,2,FALSE),"None") -> None | E250: 200170214
A251: A17784858 | B251: Hasaam Butt | C251: hbutt@ucsd.edu | D251: =IFERROR(VLOOKUP(C251,TSN,2,FALSE),"None") -> None | E251: 200170241
... A315: A18131111 | B315: Evelyn Zhang | C315: yuz271@ucsd.edu | D315: =IFERROR(VLOOKUP(C315,TSN,2,FALSE),"None") -> None | E315: 200117610
B316: Jennifer Kuei | C316: jekuei@ucsd.edu | E316: 200153039
B317: Trinity Truong | C317: trt005@ucsd.edu | E317: 200226782

Sheet Sept 5 Enroll
A1: Term Code | B1: Class Section ID | C1: Class Section Number | D1: Course Subject Code | E1: Course Number | F1: Class Section Enrollment Count | G1: TSS Student Number | H1: Legacy Student PID | I1: Student Full Name | J1: Campus Email Address | K1: Domain Allocated?
A2: FA26 | B2: EL00000676 | C2: 001-000-LE | D2: DSC | E2: 180A | F2: 300 | G2: 200168926 | H2: A17816211 | I2: Cheng, Peiling | J2: pec021@ucsd.edu | K2: =IF(COUNTIF(bystudent!B:B, G2) > 0, "yes", "no") -> yes
A3: FA26 | B3: EL00000676 | C3: 001-000-LE | D3: DSC | E3: 180A | F3: 300 | G3: 200176526 | H3: A17744892 | I3: Kimayong, Christian Lee Jerome | J3: ckimayong@ucsd.edu | K3: =IF(COUNTIF(bystudent!B:B, G3) > 0, "yes", "no") -> yes
A4: FA26 | B4: EL00000676 | C4: 001-000-LE | D4: DSC | E4: 180A | F4: 300 | G4: 200044824 | H4: A16367852 | I4: Mei, Eric | J4: emei@ucsd.edu | K4: =IF(COUNTIF(bystudent!B:B, G4) > 0, "yes", "no") -> yes
A5: FA26 | B5: EL00000676 | C5: 001-000-LE | D5: DSC | E5: 180A | F5: 300 | G5: 200159232 | H5: A17875536 | I5: Ricketts, Alyvia Veronika | J5: alvaughan@ucsd.edu | K5: =IF(COUNTIF(bystudent!B:B, G5) > 0, "yes", "no") -> yes
A6: FA26 | B6: EL00000676 | C6: 001-000-LE | D6: DSC | E6: 180A | F6: 300 | G6: 200121724 | H6: A18111514 | I6: Sakamoto, Rachel Waka | J6: rwsakamoto@ucsd.edu | K6: =IF(COUNTIF(bystudent!B:B, G6) > 0, "yes", "no") -> yes
A7: FA26 | B7: EL00000676 | C7: 001-000-LE | D7: DSC | E7: 180A | F7: 300 | G7: 200063681 | H7: A18432889 | I7: Sun, Wanhan | J7: was002@ucsd.edu | K7: =IF(COUNTIF(bystudent!B:B, G7) > 0, "yes", "no") -> yes
A8: FA26 | B8: EL00000676 | C8: 001-000-LE | D8: DSC | E8: 180A | F8: 300 | G8: 200153050 | H8: A17915924 | I8: Adames-Baena, Jeronimo Antonio | J8: jadamesbaena@ucsd.edu | K8: =IF(COUNTIF(bystudent!B:B, G8) > 0, "yes", "no") -> yes
A9: FA26 | B9: EL00000676 | C9: 001-000-LE | D9: DSC | E9: 180A | F9: 300 | G9: 200115045 | H9: A18116867 | I9: Agastyaraju, Kaushik Venkat | J9: kagastyaraju@ucsd.edu | K9: =IF(COUNTIF(bystudent!B:B, G9) > 0, "yes", "no") -> yes
A10: FA26 | B10: EL00000676 | C10: 001-000-LE | D10: DSC | E10: 180A | F10: 300 | G10: 200210305 | H10: A17500501 | I10: Ageel, Ahmad | J10: aageel@ucsd.edu | K10: =IF(COUNTIF(bystudent!B:B, G10) > 0, "yes", "no") -> yes
A11: FA26 | B11: EL00000676 | C11: 001-000-LE | D11: DSC | E11: 180A | F11: 300 | G11: 200086374 | H11: A18297392 | I11: Aggarwal, Pratham | J11: praggarwal@ucsd.edu | K11: =IF(COUNTIF(bystudent!B:B, G11) > 0, "yes", "no") -> yes
A12: FA26 | B12: EL00000676 | C12: 001-000-LE | D12: DSC | E12: 180A | F12: 300 | G12: 200148716 | H12: A17929245 | I12: Agrawal, Aarav | J12: a7agrawal@ucsd.edu | K12: =IF(COUNTIF(bystudent!B:B, G12) > 0, "yes", "no") -> yes
A13: FA26 | B13: EL00000676 | C13: 001-000-LE | D13: DSC | E13: 180A | F13: 300 | G13: 200161275 | H13: A17847114 | I13: Agunanne, Chidiebere | J13: cagunanne@ucsd.edu | K13: =IF(COUNTIF(bystudent!B:B, G13) > 0, "yes", "no") -> yes
... A295: FA26 | B295: EL00000676 | C295: 001-000-LE | D295: DSC | E295: 180A | F295: 300 | G295: 200048838 | H295: A18524674 | I295: nguyen, tori | J295: ton010@ucsd.edu | K295: =IF(COUNTIF(bystudent!B:B, G295) > 0, "yes", "no") -> yes
A296: FA26 | B296: EL00000677 | C296: 001-001-DI | D296: DSC | E296: 180A | F296: 300 | G296: 200153050 | H296: A17915924 | I296: Adames-Baena, Jeronimo Antonio | J296: jadamesbaena@ucsd.edu
A297: FA26 | B297: EL00000677 | C297: 001-001-DI | D297: DSC | E297: 180A | F297: 300 | G297: 200115045 | H297: A18116867 | I297: Agastyaraju, Kaushik Venkat | J297: kagastyaraju@ucsd.edu
A298: FA26 | B298: EL00000677 | C298: 001-001-DI | D298: DSC | E298: 180A | F298: 300 | G298: 200210305 | H298: A17500501 | I298: Ageel, Ahmad | J298: aageel@ucsd.edu
A299: FA26 | B299: EL00000677 | C299: 001-001-DI | D299: DSC | E299: 180A | F299: 300 | G299: 200086374 | H299: A18297392 | I299: Aggarwal, Pratham | J299: praggarwal@ucsd.edu
A300: FA26 | B300: EL00000677 | C300: 001-001-DI | D300: DSC | E300: 180A | F300: 300 | G300: 200148716 | H300: A17929245 | I300: Agrawal, Aarav | J300: a7agrawal@ucsd.edu
A301: FA26 | B301: EL00000677 | C301: 001-001-DI | D301: DSC | E301: 180A | F301: 300 | G301: 200161275 | H301: A17847114 | I301: Agunanne, Chidiebere | J301: cagunanne@ucsd.edu
A302: FA26 | B302: EL00000677 | C302: 001-001-DI | D302: DSC | E302: 180A | F302: 300 | G302: 200048597 | H302: A18523333 | I302: Ahmed, Ali | J302: ala023@ucsd.edu
A303: FA26 | B303: EL00000677 | C303: 001-001-DI | D303: DSC | E303: 180A | F303: 300 | G303: 200121982 | H303: A18112703 | I303: Albao, Ty Jeffrey | J303: talbao@ucsd.edu
A304: FA26 | B304: EL00000677 | C304: 001-001-DI | D304: DSC | E304: 180A | F304: 300 | G304: 200162969 | H304: A17817280 | I304: Alrasheed, Turki Faisal | J304: talrasheed@ucsd.edu
A305: FA26 | B305: EL00000677 | C305: 001-001-DI | D305: DSC | E305: 180A | F305: 300 | G305: 200172920 | H305: A17762050 | I305: Alshakhshir, Waleed Khalid | J305: walshakhshir@ucsd.edu
A306: FA26 | B306: EL00000677 | C306: 001-001-DI | D306: DSC | E306: 180A | F306: 300 | G306: 200151899 | H306: A17909461 | I306: Annabathula, Anirudh | J306: vannabathula@ucsd.edu
A307: FA26 | B307: EL00000677 | C307: 001-001-DI | D307: DSC | E307: 180A | F307: 300 | G307: 200171055 | H307: A17790946 | I307: Arizabal, Kai | J307: karizabal@ucsd.edu
... A883: FA26 | B883: EL00000678 | C883: 001-001-LA | D883: DSC | E883: 180A | F883: 300 | G883: 200048838 | H883: A18524674 | I883: nguyen, tori | J883: ton010@ucsd.edu

Sheet Sept16
A1: Term Code | B1: Class Section ID | C1: TSS Student Number | D1: Legacy Student PID | E1: Student Full Name | F1: Campus Email Address | G1: Domain allocated?
A2: FA26 | B2: EL00000676 | C2: 200168926 | D2: A17816211 | E2: Cheng, Peiling | F2: pec021@ucsd.edu | G2: =IF(COUNTIF(bystudent!B:B, C2) > 0, "yes", "no") -> yes
A3: FA26 | B3: EL00000676 | C3: 200176526 | D3: A17744892 | E3: Kimayong, Christian Lee Jerome | F3: ckimayong@ucsd.edu | G3: =IF(COUNTIF(bystudent!B:B, C3) > 0, "yes", "no") -> yes
A4: FA26 | B4: EL00000676 | C4: 200044824 | D4: A16367852 | E4: Mei, Eric | F4: emei@ucsd.edu | G4: =IF(COUNTIF(bystudent!B:B, C4) > 0, "yes", "no") -> yes
A5: FA26 | B5: EL00000676 | C5: 200159232 | D5: A17875536 | E5: Ricketts, Alyvia Veronika | F5: alvaughan@ucsd.edu | G5: =IF(COUNTIF(bystudent!B:B, C5) > 0, "yes", "no") -> yes
A6: FA26 | B6: EL00000676 | C6: 200121724 | D6: A18111514 | E6: Sakamoto, Rachel Waka | F6: rwsakamoto@ucsd.edu | G6: =IF(COUNTIF(bystudent!B:B, C6) > 0, "yes", "no") -> yes
A7: FA26 | B7: EL00000676 | C7: 200063681 | D7: A18432889 | E7: Sun, Wanhan | F7: was002@ucsd.edu | G7: =IF(COUNTIF(bystudent!B:B, C7) > 0, "yes", "no") -> yes
A8: FA26 | B8: EL00000676 | C8: 200153050 | D8: A17915924 | E8: Adames-Baena, Jeronimo Antonio | F8: jadamesbaena@ucsd.edu | G8: =IF(COUNTIF(bystudent!B:B, C8) > 0, "yes", "no") -> yes
A9: FA26 | B9: EL00000676 | C9: 200115045 | D9: A18116867 | E9: Agastyaraju, Kaushik Venkat | F9: kagastyaraju@ucsd.edu | G9: =IF(COUNTIF(bystudent!B:B, C9) > 0, "yes", "no") -> yes
A10: FA26 | B10: EL00000676 | C10: 200210305 | D10: A17500501 | E10: Ageel, Ahmad | F10: aageel@ucsd.edu | G10: =IF(COUNTIF(bystudent!B:B, C10) > 0, "yes", "no") -> yes
A11: FA26 | B11: EL00000676 | C11: 200086374 | D11: A18297392 | E11: Aggarwal, Pratham | F11: praggarwal@ucsd.edu | G11: =IF(COUNTIF(bystudent!B:B, C11) > 0, "yes", "no") -> yes
A12: FA26 | B12: EL00000676 | C12: 200148716 | D12: A17929245 | E12: Agrawal, Aarav | F12: a7agrawal@ucsd.edu | G12: =IF(COUNTIF(bystudent!B:B, C12) > 0, "yes", "no") -> yes
A13: FA26 | B13: EL00000676 | C13: 200161275 | D13: A17847114 | E13: Agunanne, Chidiebere | F13: cagunanne@ucsd.edu | G13: =IF(COUNTIF(bystudent!B:B, C13) > 0, "yes", "no") -> yes
... A301: FA26 | B301: EL00000676 | C301: 200048838 | D301: A18524674 | E301: nguyen, tori | F301: ton010@ucsd.edu | G301: =IF(COUNTIF(bystudent!B:B, C301) > 0, "yes", "no") -> yes
